{
  "download (1).jpg": {
    "fileref": "",
    "size": 12029,
    "filename": "download (1).jpg",
    "base64_img_data": "",
    "file_attributes": {},
    "regions": {
      "0": {
        "shape_attributes": {
          "name": "polygon",
          "all_points_x": [96, 155, 157, 227, 225, 207, 207, 204, 199, 194, 193, 155, 143, 109, 110, 108, 104, 87, 77, 74, 73, 68, 54, 50, 36, 36, 26, 19, 18, 19, 22, 23, 25, 57, 61, 77, 88, 95, 96],
          "all_points_y": [50, 40, 40, 56, 122, 125, 117, 113, 113, 123, 129, 139, 137, 144, 135, 127, 121, 122, 129, 137, 147, 152, 152, 156, 151, 147, 141, 132, 124, 115, 114, 104, 98, 89, 88, 70, 64, 62, 50]
        },
        "region_attributes": {
          "name": "ambulance"
        }
      }
    }
  },
  "download (2).jpg": {
    "fileref": "",
    "size": 9197,
    "filename": "download (2).jpg",
    "base64_img_data": "",
    "file_attributes": {},
    "regions": {
      "0": {
        "shape_attributes": {
          "name": "polygon",
          "all_points_x": [83, 148, 151, 153, 172, 194, 221, 225, 224, 217, 193, 192, 184, 157, 131, 100, 60, 52, 56, 52, 54, 62, 67, 77, 78, 83],
          "all_points_y": [24, 24, 30, 30, 63, 36, 36, 61, 92, 117, 117, 130, 143, 145, 149, 150, 149, 130, 120, 97, 87, 73, 57, 34, 31, 24]
        },
        "region_attributes": {
          "name": "ambulance"
        }
      }
    }
  },
  "download (3).jpg": {
    "fileref": "",
    "size": 12352,
    "filename": "download (3).jpg",
    "base64_img_data": "",
    "file_attributes": {},
    "regions": {
      "0": {
        "shape_attributes": {
          "name": "polygon",
          "all_points_x": [76, 186, 232, 240, 241, 250, 253, 254, 252, 258, 257, 263, 261, 229, 213, 198, 189, 135, 135, 131, 125, 115, 108, 107, 109, 47, 42, 40, 34, 32, 32, 31, 29, 28, 29, 32, 39, 59, 64, 64, 72, 76],
          "all_points_y": [39, 17, 25, 52, 58, 77, 89, 108, 123, 126, 143, 148, 151, 160, 162, 160, 160, 147, 139, 128, 122, 119, 120, 129, 141, 128, 118, 111, 107, 109, 113, 120, 118, 111, 95, 92, 88, 60, 56, 45, 44, 39]
        },
        "region_attributes": {
          "name": "ambulance"
        }
      }
    }
  },
  "download (4).jpg": {
    "fileref": "",
    "size": 9783,
    "filename": "download (4).jpg",
    "base64_img_data": "",
    "file_attributes": {},
    "regions": {
      "0": {
        "shape_attributes": {
          "name": "polygon",
          "all_points_x": [80, 97, 218, 221, 220, 221, 220, 175, 174, 167, 158, 150, 146, 144, 93, 90, 39, 39, 33, 21, 10, 7, 4, 0, 0, 31, 55, 80, 80],
          "all_points_y": [68, 66, 69, 72, 142, 146, 144, 144, 135, 128, 126, 130, 138, 145, 144, 147, 146, 135, 127, 125, 128, 135, 141, 141, 109, 108, 91, 92, 68]
        },
        "region_attributes": {
          "name": "ambulance"
        }
      }
    }
  },
  "download (8).jpg": {
    "fileref": "",
    "size": 10431,
    "filename": "download (8).jpg",
    "base64_img_data": "",
    "file_attributes": {},
    "regions": {
      "0": {
        "shape_attributes": {
          "name": "polygon",
          "all_points_x": [103, 145, 157, 158, 226, 230, 236, 237, 239, 235, 225, 224, 221, 216, 212, 211, 208, 206, 142, 142, 144, 140, 133, 121, 116, 115, 112, 109, 80, 59, 46, 35, 30, 29, 34, 33, 37, 43, 60, 67, 84, 89, 89, 98, 98, 102, 103],
          "all_points_y": [29, 23, 22, 27, 38, 57, 77, 99, 106, 111, 113, 104, 98, 100, 104, 110, 116, 120, 136, 130, 124, 115, 112, 117, 124, 131, 138, 146, 149, 146, 146, 143, 135, 123, 121, 101, 95, 90, 87, 80, 60, 55, 53, 48, 35, 34, 29]
        },
        "region_attributes": {
          "name": "ambulance"
        }
      }
    }
  },
  "download (9).jpg": {
    "fileref": "",
    "size": 10902,
    "filename": "download (9).jpg",
    "base64_img_data": "",
    "file_attributes": {},
    "regions": {
      "0": {
        "shape_attributes": {
          "name": "polygon",
          "all_points_x": [36, 58, 58, 88, 93, 111, 117, 197, 203, 208, 233, 243, 245, 243, 242, 240, 236, 234, 229, 223, 173, 176, 177, 173, 163, 162, 160, 157, 154, 152, 101, 90, 52, 10, 7, 3, 5, 11, 8, 10, 14, 18, 25, 36],
          "all_points_y": [14, 10, 9, 7, 7, 7, 7, 33, 46, 47, 88, 102, 125, 126, 120, 118, 122, 131, 141, 146, 150, 138, 125, 118, 119, 125, 129, 138, 145, 150, 152, 153, 152, 151, 146, 134, 131, 128, 102, 86, 74, 59, 44, 14]
        },
        "region_attributes": {
          "name": "ambulance"
        }
      }
    }
  },
  "download (10).jpg": {
    "fileref": "",
    "size": 9937,
    "filename": "download (10).jpg",
    "base64_img_data": "",
    "file_attributes": {},
    "regions": {
      "0": {
        "shape_attributes": {
          "name": "polygon",
          "all_points_x": [125, 128, 184, 190, 292, 294, 292, 268, 264, 254, 244, 240, 239, 184, 176, 107, 105, 96, 75, 57, 50, 44, 28, 10, 5, 3, 4, 8, 5, 8, 22, 51, 76, 108, 125],
          "all_points_y": [42, 29, 16, 16, 28, 33, 100, 104, 95, 89, 92, 108, 111, 120, 117, 129, 114, 104, 101, 107, 118, 134, 137, 132, 129, 118, 110, 109, 91, 83, 76, 73, 71, 47, 42]
        },
        "region_attributes": {
          "name": "ambulance"
        }
      }
    }
  },
  "download (11).jpg": {
    "fileref": "",
    "size": 10788,
    "filename": "download (11).jpg",
    "base64_img_data": "",
    "file_attributes": {},
    "regions": {
      "0": {
        "shape_attributes": {
          "name": "polygon",
          "all_points_x": [32, 83, 84, 180, 181, 198, 230, 255, 260, 260, 263, 261, 262, 258, 248, 198, 152, 147, 145, 135, 124, 118, 116, 114, 41, 38, 31, 27, 23, 19, 19, 11, 8, 7, 8, 9, 8, 9, 13, 19, 23, 32],
          "all_points_y": [20, 21, 18, 19, 24, 30, 75, 96, 116, 120, 126, 133, 145, 149, 151, 158, 159, 148, 138, 122, 121, 128, 138, 152, 139, 126, 113, 111, 115, 126, 133, 130, 121, 110, 97, 88, 71, 49, 34, 31, 23, 20]
        },
        "region_attributes": {
          "name": "ambulance"
        }
      }
    }
  },
  "download (12).jpg": {
    "fileref": "",
    "size": 7815,
    "filename": "download (12).jpg",
    "base64_img_data": "",
    "file_attributes": {},
    "regions": {
      "0": {
        "shape_attributes": {
          "name": "polygon",
          "all_points_x": [110, 240, 239, 201, 191, 177, 170, 170, 114, 112, 69, 68, 60, 50, 39, 38, 22, 20, 22, 24, 33, 50, 72, 82, 104, 103, 110],
          "all_points_y": [44, 44, 121, 124, 109, 113, 121, 127, 129, 131, 132, 122, 112, 111, 118, 130, 131, 117, 116, 99, 95, 91, 69, 67, 64, 49, 44]
        },
        "region_attributes": {
          "name": "ambulance"
        }
      }
    }
  },
  "download (13).jpg": {
    "fileref": "",
    "size": 8137,
    "filename": "download (13).jpg",
    "base64_img_data": "",
    "file_attributes": {},
    "regions": {
      "0": {
        "shape_attributes": {
          "name": "polygon",
          "all_points_x": [130, 153, 156, 179, 181, 198, 202, 206, 211, 222, 223, 224, 225, 224, 225, 157, 143, 127, 126, 93, 88, 88, 83, 75, 75, 75, 76, 70, 70, 64, 53, 52, 46, 38, 34, 33, 32, 31, 35, 42, 48, 53, 130],
          "all_points_y": [5, 8, 7, 9, 11, 14, 22, 36, 47, 72, 84, 119, 127, 139, 144, 161, 155, 154, 150, 137, 122, 118, 112, 110, 114, 122, 131, 129, 133, 132, 125, 119, 116, 107, 96, 100, 97, 90, 82, 66, 52, 34, 5]
        },
        "region_attributes": {
          "name": "ambulance"
        }
      }
    }
  },
  "download (15).jpg": {
    "fileref": "",
    "size": 9645,
    "filename": "download (15).jpg",
    "base64_img_data": "",
    "file_attributes": {},
    "regions": {
      "0": {
        "shape_attributes": {
          "name": "polygon",
          "all_points_x": [55, 114, 115, 121, 168, 168, 173, 171, 181, 203, 239, 242, 242, 242, 245, 245, 239, 234, 233, 222, 221, 195, 177, 172, 167, 164, 152, 140, 138, 139, 74, 69, 66, 63, 57, 58, 59, 48, 45, 45, 47, 51, 55],
          "all_points_y": [36, 27, 24, 22, 25, 30, 31, 41, 47, 72, 86, 93, 98, 111, 112, 127, 133, 136, 139, 143, 141, 148, 148, 145, 128, 119, 114, 114, 121, 133, 112, 106, 98, 94, 97, 103, 105, 104, 99, 95, 60, 52, 36]
        },
        "region_attributes": {
          "name": "ambulance"
        }
      }
    }
  },
  "download (17).jpg": {
    "fileref": "",
    "size": 9532,
    "filename": "download (17).jpg",
    "base64_img_data": "",
    "file_attributes": {},
    "regions": {
      "0": {
        "shape_attributes": {
          "name": "polygon",
          "all_points_x": [44, 168, 176, 184, 188, 193, 200, 201, 206, 209, 233, 259, 263, 263, 261, 266, 266, 264, 255, 250, 242, 241, 239, 232, 217, 210, 208, 207, 110, 106, 97, 86, 79, 78, 39, 42, 41, 42, 44],
          "all_points_y": [43, 42, 45, 44, 45, 47, 51, 58, 60, 64, 83, 92, 95, 101, 111, 114, 120, 125, 125, 126, 124, 117, 110, 106, 105, 112, 121, 125, 123, 113, 104, 105, 113, 121, 121, 115, 89, 44, 43]
        },
        "region_attributes": {
          "name": "ambulance"
        }
      }
    }
  },
  "download (18).jpg": {
    "fileref": "",
    "size": 9975,
    "filename": "download (18).jpg",
    "base64_img_data": "",
    "file_attributes": {},
    "regions": {
      "0": {
        "shape_attributes": {
          "name": "polygon",
          "all_points_x": [75, 278, 278, 216, 218, 209, 187, 171, 165, 71, 70, 0, 0, 30, 44, 71, 71, 75],
          "all_points_y": [25, 25, 135, 137, 130, 117, 110, 118, 140, 140, 135, 135, 82, 62, 58, 58, 28, 25]
        },
        "region_attributes": {
          "name": "ambulance"
        }
      }
    }
  },
  "download (19).jpg": {
    "fileref": "",
    "size": 11824,
    "filename": "download (19).jpg",
    "base64_img_data": "",
    "file_attributes": {},
    "regions": {
      "0": {
        "shape_attributes": {
          "name": "polygon",
          "all_points_x": [78, 119, 126, 148, 145, 147, 152, 151, 131, 130, 126, 122, 120, 118, 107, 96, 85, 65, 28, 27, 28, 34, 32, 38, 48, 67, 67, 78],
          "all_points_y": [72, 70, 70, 81, 123, 130, 135, 146, 155, 140, 136, 139, 148, 160, 164, 165, 163, 164, 160, 145, 137, 136, 121, 111, 98, 84, 80, 72]
        },
        "region_attributes": {
          "name": "ambulance"
        }
      }
    }
  },
  "download.jpg": {
    "fileref": "",
    "size": 9881,
    "filename": "download.jpg",
    "base64_img_data": "",
    "file_attributes": {},
    "regions": {
      "0": {
        "shape_attributes": {
          "name": "polygon",
          "all_points_x": [88, 190, 195, 235, 239, 244, 247, 250, 253, 263, 265, 266, 270, 270, 273, 271, 231, 225, 226, 209, 196, 170, 165, 150, 137, 134, 136, 57, 51, 47, 43, 40, 43, 49, 66, 75, 83, 88, 89],
          "all_points_y": [27, 6, 7, 12, 18, 18, 28, 39, 42, 73, 94, 110, 111, 126, 130, 140, 158, 156, 145, 148, 146, 141, 122, 108, 112, 130, 133, 113, 98, 94, 97, 88, 77, 74, 52, 36, 35, 26, 27]
        },
        "region_attributes": {
          "name": "ambulance"
        }
      },
      "1": {
        "shape_attributes": {
          "name": "polygon",
          "all_points_x": [247, 290, 291, 266, 263, 252, 250, 247],
          "all_points_y": [26, 23, 104, 103, 70, 41, 39, 26]
        },
        "region_attributes": {
          "name": "ambulance"
        }
      }
    }
  },
  "images (1).jpg": {
    "fileref": "",
    "size": 10206,
    "filename": "images (1).jpg",
    "base64_img_data": "",
    "file_attributes": {},
    "regions": {
      "0": {
        "shape_attributes": {
          "name": "polygon",
          "all_points_x": [75, 155, 160, 239, 240, 239, 240, 155, 152, 122, 121, 113, 105, 98, 98, 69, 69, 61, 57, 57, 52, 49, 47, 47, 56, 69, 69, 75],
          "all_points_y": [48, 27, 28, 37, 124, 137, 140, 147, 142, 140, 127, 116, 119, 131, 137, 134, 131, 130, 121, 116, 112, 115, 113, 102, 96, 75, 49, 48]
        },
        "region_attributes": {
          "name": "ambulance"
        }
      }
    }
  },
  "images (2).jpg": {
    "fileref": "",
    "size": 8719,
    "filename": "images (2).jpg",
    "base64_img_data": "",
    "file_attributes": {},
    "regions": {
      "0": {
        "shape_attributes": {
          "name": "polygon",
          "all_points_x": [66, 198, 247, 248, 257, 266, 267, 268, 269, 214, 197, 141, 131, 112, 104, 104, 106, 30, 25, 22, 15, 12, 11, 19, 25, 44, 52, 52, 62, 66],
          "all_points_y": [24, 1, 10, 24, 47, 75, 93, 126, 139, 165, 161, 148, 122, 117, 119, 127, 140, 123, 110, 101, 99, 109, 87, 81, 79, 48, 45, 31, 29, 24]
        },
        "region_attributes": {
          "name": "ambulance"
        }
      }
    }
  },
  "images (03).jpg": {
    "fileref": "",
    "size": 10533,
    "filename": "images (03).jpg",
    "base64_img_data": "",
    "file_attributes": {},
    "regions": {
      "0": {
        "shape_attributes": {
          "name": "polygon",
          "all_points_x": [41, 94, 100, 153, 153, 163, 180, 211, 212, 218, 217, 210, 182, 163, 160, 157, 149, 138, 131, 129, 65, 62, 57, 51, 37, 35, 43, 41],
          "all_points_y": [56, 46, 46, 52, 67, 69, 88, 96, 115, 119, 126, 134, 141, 141, 134, 124, 115, 114, 122, 137, 122, 112, 107, 119, 117, 56, 55, 56]
        },
        "region_attributes": {
          "name": "ambulance"
        }
      },
      "1": {
        "shape_attributes": {
          "name": "polygon",
          "all_points_x": [175, 177, 182, 241, 259, 258, 252, 247, 212, 211, 180, 175],
          "all_points_y": [82, 78, 77, 77, 89, 100, 104, 113, 109, 95, 88, 82]
        },
        "region_attributes": {
          "name": "ambulance"
        }
      },
      "2": {
        "shape_attributes": {
          "name": "polygon",
          "all_points_x": [0, 23, 36, 35, 15, 1, 0],
          "all_points_y": [72, 73, 87, 94, 95, 91, 72]
        },
        "region_attributes": {
          "name": "ambulance"
        }
      }
    }
  },
  "images (3).jpg": {
    "fileref": "",
    "size": 10002,
    "filename": "images (3).jpg",
    "base64_img_data": "",
    "file_attributes": {},
    "regions": {
      "0": {
        "shape_attributes": {
          "name": "polygon",
          "all_points_x": [11, 12, 16, 33, 51, 57, 57, 59, 116, 168, 168, 154, 152, 148, 145, 144, 113, 88, 85, 85, 76, 69, 69, 57, 33, 32, 23, 22, 13, 7, 8, 11],
          "all_points_y": [101, 87, 84, 77, 56, 55, 41, 39, 37, 41, 97, 99, 91, 90, 99, 103, 111, 116, 116, 100, 99, 106, 115, 117, 115, 121, 119, 114, 112, 111, 104, 101]
        },
        "region_attributes": {
          "name": "ambulance"
        }
      },
      "1": {
        "shape_attributes": {
          "name": "polygon",
          "all_points_x": [199, 280, 306, 307, 307, 315, 320, 338, 359, 360, 360, 363, 363, 361, 359, 356, 356, 346, 335, 332, 326, 315, 309, 308, 237, 236, 229, 223, 219, 197, 198, 199],
          "all_points_y": [42, 41, 43, 47, 56, 57, 59, 74, 80, 86, 95, 97, 102, 102, 109, 108, 105, 107, 107, 98, 94, 94, 99, 108, 101, 92, 87, 90, 97, 95, 44, 42]
        },
        "region_attributes": {
          "name": "ambulance"
        }
      }
    }
  },
  "images (04).jpg": {
    "fileref": "",
    "size": 9669,
    "filename": "images (04).jpg",
    "base64_img_data": "",
    "file_attributes": {},
    "regions": {
      "0": {
        "shape_attributes": {
          "name": "polygon",
          "all_points_x": [140, 152, 151, 173, 180, 274, 274, 265, 262, 159, 156, 145, 129, 124, 89, 90, 82, 73, 75, 78, 79, 111, 136, 140, 140],
          "all_points_y": [23, 22, 17, 16, 14, 14, 87, 87, 111, 112, 93, 86, 89, 105, 105, 110, 109, 103, 94, 94, 66, 63, 38, 35, 23]
        },
        "region_attributes": {
          "name": "ambulance"
        }
      }
    }
  },
  "images (4).jpg": {
    "fileref": "",
    "size": 8231,
    "filename": "images (4).jpg",
    "base64_img_data": "",
    "file_attributes": {},
    "regions": {
      "0": {
        "shape_attributes": {
          "name": "polygon",
          "all_points_x": [129, 234, 239, 215, 214, 206, 199, 198, 131, 82, 75, 62, 39, 31, 29, 15, 6, 9, 6, 12, 45, 72, 84, 93, 129],
          "all_points_y": [32, 52, 122, 125, 114, 111, 119, 130, 140, 145, 125, 117, 122, 135, 142, 142, 140, 127, 109, 103, 92, 69, 56, 50, 32]
        },
        "region_attributes": {
          "name": "ambulance"
        }
      }
    }
  },
  "images (5).jpg": {
    "fileref": "",
    "size": 10909,
    "filename": "images (5).jpg",
    "base64_img_data": "",
    "file_attributes": {},
    "regions": {
      "0": {
        "shape_attributes": {
          "name": "polygon",
          "all_points_x": [97, 114, 117, 165, 167, 170, 175, 177, 194, 211, 213, 215, 217, 216, 212, 208, 148, 128, 126, 124, 120, 117, 116, 112, 102, 98, 96, 95, 94, 94, 93, 80, 81, 95, 97],
          "all_points_y": [49, 39, 35, 34, 38, 48, 49, 55, 79, 87, 91, 111, 115, 125, 126, 133, 141, 138, 131, 119, 108, 106, 121, 118, 110, 105, 94, 94, 100, 98, 95, 95, 62, 61, 49]
        },
        "region_attributes": {
          "name": "ambulance"
        }
      }
    }
  },
  "images (7).jpg": {
    "fileref": "",
    "size": 10519,
    "filename": "images (7).jpg",
    "base64_img_data": "",
    "file_attributes": {},
    "regions": {
      "0": {
        "shape_attributes": {
          "name": "polygon",
          "all_points_x": [144, 202, 212, 275, 275, 232, 219, 216, 185, 133, 95, 100, 105, 111, 113, 132, 142, 144],
          "all_points_y": [32, 18, 18, 26, 114, 121, 130, 139, 139, 136, 136, 111, 82, 71, 49, 44, 43, 32]
        },
        "region_attributes": {
          "name": "ambulance"
        }
      }
    }
  },
  "images (9).jpg": {
    "fileref": "",
    "size": 9251,
    "filename": "images (9).jpg",
    "base64_img_data": "",
    "file_attributes": {},
    "regions": {
      "0": {
        "shape_attributes": {
          "name": "polygon",
          "all_points_x": [32, 40, 102, 130, 139, 155, 153, 157, 157, 173, 194, 212, 244, 259, 260, 258, 258, 243, 223, 218, 202, 177, 168, 166, 112, 109, 99, 62, 58, 52, 46, 44, 28, 27, 13, 13, 30, 32],
          "all_points_y": [64, 65, 48, 58, 48, 55, 64, 66, 71, 75, 91, 92, 96, 103, 114, 127, 142, 155, 157, 132, 118, 118, 134, 146, 134, 137, 138, 131, 114, 111, 118, 126, 123, 115, 116, 76, 76, 64]
        },
        "region_attributes": {
          "name": "ambulance"
        }
      }
    }
  },
  "images (12).jpg": {
    "fileref": "",
    "size": 9958,
    "filename": "images (12).jpg",
    "base64_img_data": "",
    "file_attributes": {},
    "regions": {
      "0": {
        "shape_attributes": {
          "name": "polygon",
          "all_points_x": [8, 148, 152, 157, 183, 183, 148, 19, 17, 8],
          "all_points_y": [48, 17, 18, 32, 43, 197, 206, 192, 162, 48]
        },
        "region_attributes": {
          "name": "ambulance"
        }
      }
    }
  },
  "images (13).jpg": {
    "fileref": "",
    "size": 12199,
    "filename": "images (13).jpg",
    "base64_img_data": "",
    "file_attributes": {},
    "regions": {
      "0": {
        "shape_attributes": {
          "name": "polygon",
          "all_points_x": [131, 131, 174, 261, 264, 243, 240, 231, 224, 223, 180, 114, 110, 94, 84, 83, 78, 45, 45, 40, 43, 56, 73, 80, 105, 110, 131],
          "all_points_y": [79, 67, 60, 59, 127, 128, 117, 114, 119, 134, 137, 144, 124, 120, 125, 143, 146, 148, 142, 133, 114, 108, 106, 104, 86, 82, 79]
        },
        "region_attributes": {
          "name": "ambulance"
        }
      }
    }
  },
  "images (16).jpg": {
    "fileref": "",
    "size": 8674,
    "filename": "images (16).jpg",
    "base64_img_data": "",
    "file_attributes": {},
    "regions": {
      "0": {
        "shape_attributes": {
          "name": "polygon",
          "all_points_x": [11, 85, 151, 153, 162, 186, 221, 233, 236, 238, 236, 228, 180, 176, 169, 157, 146, 144, 141, 104, 88, 53, 47, 38, 32, 31, 13, 10, 11],
          "all_points_y": [34, 17, 24, 38, 38, 55, 57, 63, 82, 85, 92, 95, 100, 86, 78, 75, 82, 93, 101, 101, 101, 100, 83, 82, 93, 100, 98, 72, 34]
        },
        "region_attributes": {
          "name": "ambulance"
        }
      }
    }
  },
  "images (17).jpg": {
    "fileref": "",
    "size": 9517,
    "filename": "images (17).jpg",
    "base64_img_data": "",
    "file_attributes": {},
    "regions": {
      "0": {
        "shape_attributes": {
          "name": "polygon",
          "all_points_x": [137, 141, 148, 274, 274, 258, 251, 227, 212, 209, 202, 141, 134, 132, 131, 137],
          "all_points_y": [45, 31, 29, 28, 139, 142, 120, 115, 126, 144, 145, 146, 146, 126, 40, 45]
        },
        "region_attributes": {
          "name": "ambulance"
        }
      }
    }
  },
  "images (20).jpg": {
    "fileref": "",
    "size": 8238,
    "filename": "images (20).jpg",
    "base64_img_data": "",
    "file_attributes": {},
    "regions": {
      "0": {
        "shape_attributes": {
          "name": "polygon",
          "all_points_x": [64, 64, 151, 163, 164, 166, 167, 167, 167, 154, 123, 117, 109, 100, 98, 65, 31, 27, 20, 12, 11, 6, 7, 9, 31, 35, 51, 62, 64],
          "all_points_y": [70, 59, 58, 61, 64, 65, 89, 99, 105, 111, 110, 99, 97, 104, 110, 109, 107, 98, 95, 99, 106, 103, 96, 88, 84, 84, 72, 71, 70]
        },
        "region_attributes": {
          "name": "ambulance"
        }
      }
    }
  },
  "images (21).jpg": {
    "fileref": "",
    "size": 12201,
    "filename": "images (21).jpg",
    "base64_img_data": "",
    "file_attributes": {},
    "regions": {
      "0": {
        "shape_attributes": {
          "name": "polygon",
          "all_points_x": [73, 73, 120, 235, 234, 208, 206, 200, 190, 183, 182, 118, 74, 71, 60, 47, 41, 38, 26, 5, 5, 9, 35, 60, 73],
          "all_points_y": [82, 65, 59, 68, 142, 146, 137, 129, 130, 140, 148, 156, 159, 141, 135, 138, 143, 153, 155, 148, 134, 115, 107, 85, 82]
        },
        "region_attributes": {
          "name": "ambulance"
        }
      }
    }
  },
  "images (22).jpg": {
    "fileref": "",
    "size": 8110,
    "filename": "images (22).jpg",
    "base64_img_data": "",
    "file_attributes": {},
    "regions": {
      "0": {
        "shape_attributes": {
          "name": "polygon",
          "all_points_x": [29, 134, 134, 148, 166, 174, 182, 184, 182, 178, 175, 169, 163, 161, 133, 131, 94, 90, 82, 73, 67, 66, 22, 25, 28, 27, 29],
          "all_points_y": [86, 85, 93, 94, 110, 109, 113, 122, 126, 127, 122, 123, 126, 137, 139, 138, 141, 132, 130, 132, 139, 142, 147, 136, 136, 86, 86]
        },
        "region_attributes": {
          "name": "ambulance"
        }
      }
    }
  },
  "images (25).jpg": {
    "fileref": "",
    "size": 9654,
    "filename": "images (25).jpg",
    "base64_img_data": "",
    "file_attributes": {},
    "regions": {
      "0": {
        "shape_attributes": {
          "name": "polygon",
          "all_points_x": [89, 89, 207, 238, 235, 244, 245, 215, 188, 159, 143, 135, 135, 94, 88, 79, 65, 58, 54, 53, 59, 74, 83, 89],
          "all_points_y": [29, 10, 0, 12, 83, 84, 88, 97, 92, 90, 73, 79, 86, 82, 83, 86, 65, 63, 73, 52, 49, 48, 28, 29]
        },
        "region_attributes": {
          "name": "ambulance"
        }
      }
    }
  },
  "images (27).jpg": {
    "fileref": "",
    "size": 8553,
    "filename": "images (27).jpg",
    "base64_img_data": "",
    "file_attributes": {},
    "regions": {
      "0": {
        "shape_attributes": {
          "name": "polygon",
          "all_points_x": [60, 104, 216, 217, 220, 234, 235, 250, 254, 249, 248, 242, 237, 236, 178, 175, 165, 156, 150, 107, 59, 60],
          "all_points_y": [50, 35, 51, 72, 72, 87, 92, 97, 121, 121, 109, 109, 112, 125, 131, 120, 115, 121, 133, 139, 132, 50]
        },
        "region_attributes": {
          "name": "ambulance"
        }
      }
    }
  },
  "images (29).jpg": {
    "fileref": "",
    "size": 8601,
    "filename": "images (29).jpg",
    "base64_img_data": "",
    "file_attributes": {},
    "regions": {
      "0": {
        "shape_attributes": {
          "name": "polygon",
          "all_points_x": [44, 170, 174, 219, 218, 222, 218, 206, 204, 203, 198, 194, 171, 162, 161, 147, 126, 126, 38, 39, 16, 16, 45, 44],
          "all_points_y": [35, 20, 26, 60, 101, 106, 136, 142, 130, 123, 127, 152, 166, 165, 169, 173, 170, 165, 149, 137, 138, 42, 45, 35]
        },
        "region_attributes": {
          "name": "ambulance"
        }
      }
    }
  },
  "images (30).jpg": {
    "fileref": "",
    "size": 10123,
    "filename": "images (30).jpg",
    "base64_img_data": "",
    "file_attributes": {},
    "regions": {
      "0": {
        "shape_attributes": {
          "name": "polygon",
          "all_points_x": [36, 98, 161, 170, 170, 177, 202, 224, 225, 233, 234, 234, 237, 235, 233, 234, 215, 183, 156, 150, 140, 131, 128, 124, 101, 96, 60, 56, 53, 49, 51, 37, 36, 36],
          "all_points_y": [59, 43, 51, 58, 65, 69, 95, 110, 113, 114, 117, 126, 131, 137, 137, 151, 157, 162, 157, 136, 129, 131, 141, 150, 142, 144, 131, 118, 115, 117, 128, 124, 115, 60]
        },
        "region_attributes": {
          "name": "ambulance"
        }
      }
    }
  },
  "images (32).jpg": {
    "fileref": "",
    "size": 13319,
    "filename": "images (32).jpg",
    "base64_img_data": "",
    "file_attributes": {},
    "regions": {
      "0": {
        "shape_attributes": {
          "name": "polygon",
          "all_points_x": [8, 13, 135, 147, 148, 165, 168, 165, 147, 146, 192, 216, 249, 267, 271, 272, 270, 258, 252, 240, 227, 219, 219, 216, 142, 131, 100, 74, 74, 64, 53, 46, 46, 9, 8],
          "all_points_y": [46, 42, 43, 50, 55, 50, 54, 62, 66, 68, 68, 86, 88, 92, 98, 116, 123, 123, 108, 104, 106, 115, 127, 130, 128, 130, 127, 128, 113, 105, 107, 116, 120, 119, 46]
        },
        "region_attributes": {
          "name": "ambulance"
        }
      }
    }
  },
  "images (36).jpg": {
    "fileref": "",
    "size": 10888,
    "filename": "images (36).jpg",
    "base64_img_data": "",
    "file_attributes": {},
    "regions": {
      "0": {
        "shape_attributes": {
          "name": "polygon",
          "all_points_x": [69, 76, 76, 98, 99, 105, 161, 167, 190, 192, 191, 192, 188, 188, 185, 184, 167, 168, 152, 144, 144, 139, 128, 128, 123, 104, 81, 55, 39, 33, 38, 39, 48, 65, 70, 69],
          "all_points_y": [85, 71, 58, 59, 52, 49, 43, 47, 56, 60, 107, 112, 113, 105, 105, 113, 124, 128, 144, 143, 122, 114, 121, 135, 150, 155, 153, 150, 145, 128, 123, 101, 95, 89, 83, 85]
        },
        "region_attributes": {
          "name": "ambulance"
        }
      }
    }
  },
  "images (38).jpg": {
    "fileref": "",
    "size": 10606,
    "filename": "images (38).jpg",
    "base64_img_data": "",
    "file_attributes": {},
    "regions": {
      "0": {
        "shape_attributes": {
          "name": "polygon",
          "all_points_x": [31, 118, 181, 184, 185, 197, 205, 220, 246, 253, 251, 254, 237, 186, 179, 179, 177, 167, 157, 155, 153, 145, 106, 97, 79, 59, 27, 24, 24, 31],
          "all_points_y": [42, 36, 38, 46, 59, 59, 68, 89, 92, 101, 122, 129, 136, 142, 141, 134, 122, 120, 120, 131, 144, 144, 138, 113, 93, 87, 90, 90, 73, 42]
        },
        "region_attributes": {
          "name": "ambulance"
        }
      }
    }
  },
  "images (40).jpg": {
    "fileref": "",
    "size": 17460,
    "filename": "images (40).jpg",
    "base64_img_data": "",
    "file_attributes": {},
    "regions": {
      "0": {
        "shape_attributes": {
          "name": "polygon",
          "all_points_x": [62, 154, 154, 177, 212, 211, 220, 223, 233, 235, 231, 165, 142, 136, 127, 120, 120, 119, 43, 35, 24, 28, 37, 53, 62],
          "all_points_y": [42, 33, 28, 27, 29, 34, 35, 41, 77, 133, 136, 141, 139, 118, 118, 124, 135, 138, 134, 113, 113, 103, 75, 51, 42]
        },
        "region_attributes": {
          "name": "ambulance"
        }
      }
    }
  },
   "53.jpg": {
    "fileref": "",
    "size": 8674,
    "filename": "53.jpg",
    "base64_img_data": "",
    "file_attributes": {},
    "regions": {
      "0": {
        "shape_attributes": {
          "name": "polygon",
          "all_points_x": [29, 32, 121, 243, 259, 249, 238, 238, 210, 199, 188, 190, 149, 29],
          "all_points_y": [161, 38, 41, 52, 140, 140, 120, 146, 156, 125, 138, 157, 165, 161]
        },
        "region_attributes": {
          "name": "firetruck"
        }
      }
    }
  },
  "52.jpg": {
    "fileref": "",
    "size": 10329,
    "filename": "52.jpg",
    "base64_img_data": "",
    "file_attributes": {},
    "regions": {
      "0": {
        "shape_attributes": {
          "name": "polygon",
          "all_points_x": [40, 93, 244, 245, 240, 234, 231, 201, 199, 187, 172, 171, 118, 40],
          "all_points_y": [135, 25, 59, 97, 97, 81, 107, 125, 99, 99, 137, 146, 168, 135]
        },
        "region_attributes": {
          "name": "firetruck"
        }
      }
    }
  },
  "51.jpg": {
    "fileref": "",
    "size": 12013,
    "filename": "51.jpg",
    "base64_img_data": "",
    "file_attributes": {},
    "regions": {
      "0": {
        "shape_attributes": {
          "name": "polygon",
          "all_points_x": [5, 16, 216, 273, 270, 283, 281, 201, 193, 149, 127, 109, 102, 99, 37, 27, 15, 15, 5],
          "all_points_y": [111, 49, 8, 29, 125, 125, 136, 157, 147, 144, 109, 109, 124, 138, 124, 103, 107, 127, 111]
        },
        "region_attributes": {
          "name": "firetruck"
        }
      }
    }
  },
  "50.jpg": {
    "fileref": "",
    "size": 10361,
    "filename": "50.jpg",
    "base64_img_data": "",
    "file_attributes": {},
    "regions": {
      "0": {
        "shape_attributes": {
          "name": "polygon",
          "all_points_x": [16, 21, 252, 247, 269, 275, 212, 204, 185, 173, 177, 86, 78, 68, 65, 56, 44, 42, 16],
          "all_points_y": [118, 57, 43, 78, 109, 126, 132, 111, 111, 122, 131, 126, 106, 117, 121, 111, 114, 123, 118]
        },
        "region_attributes": {
          "name": "firetruck"
        }
      }
    }
  },
  "49.jpg": {
    "fileref": "",
    "size": 12200,
    "filename": "49.jpg",
    "base64_img_data": "",
    "file_attributes": {},
    "regions": {
      "0": {
        "shape_attributes": {
          "name": "polygon",
          "all_points_x": [28, 42, 248, 263, 241, 228, 213, 213, 144, 113, 109, 92, 81, 71, 28],
          "all_points_y": [145, 84, 80, 122, 128, 111, 121, 132, 138, 143, 126, 121, 125, 146, 145]
        },
        "region_attributes": {
          "name": "firetruck"
        }
      }
    }
  },
  "48.jpg": {
    "fileref": "",
    "size": 12638,
    "filename": "48.jpg",
    "base64_img_data": "",
    "file_attributes": {},
    "regions": {
      "0": {
        "shape_attributes": {
          "name": "polygon",
          "all_points_x": [1, 3, 233, 243, 274, 269, 259, 255, 251, 251, 245, 237, 222, 223, 218, 159, 143, 143, 143, 145, 117, 108, 89, 74, 66, 57, 38, 15, 15, 4, 1],
          "all_points_y": [146, 45, 62, 81, 82, 135, 133, 114, 126, 137, 134, 121, 119, 133, 136, 141, 142, 113, 114, 91, 148, 130, 126, 140, 140, 130, 128, 134, 152, 154, 146]
        },
        "region_attributes": {
          "name": "firetruck"
        }
      }
    }
  },
  "47.jpg": {
    "fileref": "",
    "size": 12706,
    "filename": "47.jpg",
    "base64_img_data": "",
    "file_attributes": {},
    "regions": {
      "0": {
        "shape_attributes": {
          "name": "polygon",
          "all_points_x": [78, 76, 96, 170, 168, 224, 233, 222, 213, 202, 162, 160, 148, 141, 78, 78],
          "all_points_y": [117, 61, 51, 58, 69, 70, 115, 114, 101, 118, 123, 102, 111, 126, 123, 117]
        },
        "region_attributes": {
          "name": "firetruck"
        }
      }
    }
  },
  "45.jpg": {
    "fileref": "",
    "size": 10942,
    "filename": "45.jpg",
    "base64_img_data": "",
    "file_attributes": {},
    "regions": {
      "0": {
        "shape_attributes": {
          "name": "polygon",
          "all_points_x": [31, 43, 55, 124, 205, 211, 211, 201, 199, 193, 193, 195, 157, 149, 141, 138, 89, 27, 31],
          "all_points_y": [121, 95, 50, 50, 66, 81, 99, 102, 92, 102, 103, 108, 122, 103, 115, 135, 156, 128, 121]
        },
        "region_attributes": {
          "name": "firetruck"
        }
      }
    }
  },
  "46.jpg": {
    "fileref": "",
    "size": 6582,
    "filename": "46.jpg",
    "base64_img_data": "",
    "file_attributes": {},
    "regions": {
      "0": {
        "shape_attributes": {
          "name": "polygon",
          "all_points_x": [16, 15, 234, 250, 270, 268, 180, 172, 148, 143, 61, 54, 39, 37, 16],
          "all_points_y": [109, 49, 44, 114, 116, 130, 130, 96, 100, 119, 116, 94, 100, 122, 109]
        },
        "region_attributes": {
          "name": "firetruck"
        }
      }
    }
  },
  "44.jpg": {
    "fileref": "",
    "size": 11159,
    "filename": "44.jpg",
    "base64_img_data": "",
    "file_attributes": {},
    "regions": {
      "0": {
        "shape_attributes": {
          "name": "polygon",
          "all_points_x": [18, 23, 197, 221, 225, 245, 245, 176, 130, 125, 118, 105, 93, 96, 46, 34, 28, 26, 18],
          "all_points_y": [118, 61, 41, 64, 127, 127, 149, 151, 145, 122, 112, 112, 122, 140, 128, 108, 114, 121, 118]
        },
        "region_attributes": {
          "name": "firetruck"
        }
      }
    }
  },
  "42.jpg": {
    "fileref": "",
    "size": 11167,
    "filename": "42.jpg",
    "base64_img_data": "",
    "file_attributes": {},
    "regions": {
      "0": {
        "shape_attributes": {
          "name": "polygon",
          "all_points_x": [23, 33, 12, 21, 71, 70, 137, 140, 185, 178, 194, 194, 199, 202, 219, 219, 233, 240, 244, 246, 243, 262, 262, 149, 129, 120, 117, 104, 97, 96, 48, 43, 37, 29, 23],
          "all_points_y": [110, 73, 73, 51, 63, 42, 41, 51, 47, 29, 30, 46, 45, 31, 34, 48, 55, 70, 87, 107, 136, 141, 156, 157, 150, 133, 108, 107, 125, 138, 127, 107, 91, 115, 110]
        },
        "region_attributes": {
          "name": "firetruck"
        }
      }
    }
  },
  "41.jpg": {
    "fileref": "",
    "size": 10560,
    "filename": "41.jpg",
    "base64_img_data": "",
    "file_attributes": {},
    "regions": {
      "0": {
        "shape_attributes": {
          "name": "polygon",
          "all_points_x": [16, 20, 70, 91, 288, 287, 276, 268, 261, 253, 244, 241, 121, 109, 88, 68, 56, 21, 16],
          "all_points_y": [107, 56, 51, 27, 44, 92, 94, 84, 95, 86, 88, 102, 123, 83, 73, 91, 113, 110, 107]
        },
        "region_attributes": {
          "name": "firetruck"
        }
      }
    }
  },
  "39.jpg": {
    "fileref": "",
    "size": 7099,
    "filename": "39.jpg",
    "base64_img_data": "",
    "file_attributes": {},
    "regions": {
      "0": {
        "shape_attributes": {
          "name": "polygon",
          "all_points_x": [36, 39, 64, 64, 127, 127, 207, 219, 220, 233, 233, 201, 196, 183, 178, 171, 113, 111, 89, 88, 36, 36],
          "all_points_y": [137, 82, 83, 72, 77, 86, 92, 102, 133, 134, 141, 141, 126, 126, 138, 144, 141, 129, 129, 147, 141, 137]
        },
        "region_attributes": {
          "name": "firetruck"
        }
      }
    }
  },
  "38.jpg": {
    "fileref": "",
    "size": 11184,
    "filename": "38.jpg",
    "base64_img_data": "",
    "file_attributes": {},
    "regions": {
      "0": {
        "shape_attributes": {
          "name": "polygon",
          "all_points_x": [30, 30, 62, 134, 234, 250, 256, 256, 205, 205, 193, 185, 179, 140, 131, 122, 121, 93, 48, 43, 35, 30],
          "all_points_y": [108, 81, 75, 75, 74, 74, 117, 127, 128, 109, 109, 105, 124, 121, 105, 109, 119, 119, 116, 101, 102, 108]
        },
        "region_attributes": {
          "name": "firetruck"
        }
      }
    }
  },
  "37.jpg": {
    "fileref": "",
    "size": 10131,
    "filename": "37.jpg",
    "base64_img_data": "",
    "file_attributes": {},
    "regions": {
      "0": {
        "shape_attributes": {
          "name": "polygon",
          "all_points_x": [19, 19, 35, 110, 122, 135, 154, 249, 260, 257, 266, 271, 263, 260, 257, 256, 189, 185, 172, 172, 118, 108, 96, 96, 70, 35, 16, 19],
          "all_points_y": [124, 77, 62, 64, 72, 81, 63, 71, 73, 95, 96, 114, 116, 109, 113, 117, 122, 106, 106, 125, 132, 108, 108, 128, 136, 132, 130, 124]
        },
        "region_attributes": {
          "name": "firetruck"
        }
      }
    }
  },
  "36.jpg": {
    "fileref": "",
    "size": 8270,
    "filename": "36.jpg",
    "base64_img_data": "",
    "file_attributes": {},
    "regions": {
      "0": {
        "shape_attributes": {
          "name": "polygon",
          "all_points_x": [32, 54, 217, 214, 200, 195, 185, 126, 109, 97, 32],
          "all_points_y": [122, 72, 80, 118, 120, 103, 121, 122, 101, 123, 122]
        },
        "region_attributes": {
          "name": "firetruck"
        }
      }
    }
  },
  "35.jpg": {
    "fileref": "",
    "size": 7366,
    "filename": "35.jpg",
    "base64_img_data": "",
    "file_attributes": {},
    "regions": {
      "0": {
        "shape_attributes": {
          "name": "polygon",
          "all_points_x": [4, 9, 186, 202, 252, 256, 200, 192, 168, 163, 64, 64, 28, 28, 1],
          "all_points_y": [127, 67, 63, 88, 90, 128, 135, 112, 111, 130, 133, 103, 108, 128, 128]
        },
        "region_attributes": {
          "name": "firetruck"
        }
      }
    }
  },
  "34.jpg": {
    "fileref": "",
    "size": 9746,
    "filename": "34.jpg",
    "base64_img_data": "",
    "file_attributes": {},
    "regions": {
      "0": {
        "shape_attributes": {
          "name": "polygon",
          "all_points_x": [32, 28, 73, 76, 247, 259, 243, 232, 221, 221, 114, 92, 68, 61, 32],
          "all_points_y": [131, 91, 86, 62, 63, 117, 123, 107, 110, 125, 135, 99, 111, 135, 131]
        },
        "region_attributes": {
          "name": "firetruck"
        }
      }
    }
  },
  "33.jpg": {
    "fileref": "",
    "size": 12618,
    "filename": "33.jpg",
    "base64_img_data": "",
    "file_attributes": {},
    "regions": {
      "0": {
        "shape_attributes": {
          "name": "polygon",
          "all_points_x": [30, 32, 41, 47, 52, 59, 64, 113, 116, 127, 136, 141, 195, 244, 245, 237, 216, 133, 119, 30],
          "all_points_y": [61, 106, 113, 102, 110, 106, 118, 138, 113, 115, 121, 146, 153, 138, 128, 129, 53, 49, 39, 61]
        },
        "region_attributes": {
          "name": "firetruck"
        }
      }
    }
  },
  "32.jpg": {
    "fileref": "",
    "size": 10846,
    "filename": "32.jpg",
    "base64_img_data": "",
    "file_attributes": {},
    "regions": {
      "0": {
        "shape_attributes": {
          "name": "polygon",
          "all_points_x": [16, 15, 175, 228, 241, 263, 264, 228, 148, 139, 125, 112, 105, 42, 42, 41, 30, 27, 18, 16],
          "all_points_y": [110, 54, 37, 46, 118, 118, 132, 145, 137, 105, 101, 103, 136, 117, 101, 90, 99, 114, 116, 110]
        },
        "region_attributes": {
          "name": "firetruck"
        }
      }
    }
  },
  "31.jpg": {
    "fileref": "",
    "size": 9418,
    "filename": "31.jpg",
    "base64_img_data": "",
    "file_attributes": {},
    "regions": {
      "0": {
        "shape_attributes": {
          "name": "polygon",
          "all_points_x": [56, 67, 185, 219, 236, 117, 109, 105, 101, 101, 69, 58, 56],
          "all_points_y": [92, 46, 24, 46, 117, 132, 95, 94, 102, 116, 100, 87, 92]
        },
        "region_attributes": {
          "name": "firetruck"
        }
      }
    }
  },
  "30.jpg": {
    "fileref": "",
    "size": 11974,
    "filename": "30.jpg",
    "base64_img_data": "",
    "file_attributes": {},
    "regions": {
      "0": {
        "shape_attributes": {
          "name": "polygon",
          "all_points_x": [146, 164, 315, 316, 301, 290, 275, 229, 219, 205, 204, 174, 146],
          "all_points_y": [115, 73, 81, 122, 123, 108, 128, 128, 109, 118, 129, 131, 115]
        },
        "region_attributes": {
          "name": "firetruck"
        }
      },
      "1": {
        "shape_attributes": {
          "name": "polygon",
          "all_points_x": [96, 112, 162, 147, 138, 104, 96],
          "all_points_y": [116, 69, 72, 102, 121, 121, 116]
        },
        "region_attributes": {
          "name": "firetruck"
        }
      },
      "2": {
        "shape_attributes": {
          "name": "polygon",
          "all_points_x": [53, 71, 109, 101, 91, 53],
          "all_points_y": [115, 73, 74, 102, 116, 115]
        },
        "region_attributes": {
          "name": "firetruck"
        }
      },
      "3": {
        "shape_attributes": {
          "name": "polygon",
          "all_points_x": [20, 37, 66, 52, 30, 20],
          "all_points_y": [106, 75, 76, 110, 109, 106]
        },
        "region_attributes": {
          "name": "firetruck"
        }
      }
    }
  },
  "29.jpg": {
    "fileref": "",
    "size": 10474,
    "filename": "29.jpg",
    "base64_img_data": "",
    "file_attributes": {},
    "regions": {
      "0": {
        "shape_attributes": {
          "name": "polygon",
          "all_points_x": [52, 52, 208, 227, 238, 241, 258, 256, 189, 177, 163, 161, 154, 93, 88, 84, 70, 70, 52],
          "all_points_y": [114, 71, 61, 67, 89, 105, 106, 122, 122, 106, 104, 98, 119, 120, 105, 103, 105, 118, 114]
        },
        "region_attributes": {
          "name": "firetruck"
        }
      }
    }
  },
  "28.jpg": {
    "fileref": "",
    "size": 10825,
    "filename": "28.jpg",
    "base64_img_data": "",
    "file_attributes": {},
    "regions": {
      "0": {
        "shape_attributes": {
          "name": "polygon",
          "all_points_x": [34, 36, 113, 135, 177, 232, 250, 248, 267, 265, 194, 163, 146, 127, 119, 117, 109, 92, 86, 76, 77, 58],
          "all_points_y": [74, 31, 3, 17, 18, 29, 97, 115, 134, 140, 166, 157, 149, 138, 135, 100, 88, 89, 106, 100, 83, 36]
        },
        "region_attributes": {
          "name": "firetruck"
        }
      }
    }
  },
  "27.jpg": {
    "fileref": "",
    "size": 12339,
    "filename": "27.jpg",
    "base64_img_data": "",
    "file_attributes": {},
    "regions": {
      "0": {
        "shape_attributes": {
          "name": "polygon",
          "all_points_x": [20, 29, 276, 295, 293, 283, 273, 268, 260, 254, 189, 165, 146, 146, 96, 20],
          "all_points_y": [124, 21, 35, 73, 98, 108, 108, 86, 87, 112, 124, 96, 113, 128, 138, 124]
        },
        "region_attributes": {
          "name": "firetruck"
        }
      }
    }
  },
  "26.jpg": {
    "fileref": "",
    "size": 10004,
    "filename": "26.jpg",
    "base64_img_data": "",
    "file_attributes": {},
    "regions": {
      "0": {
        "shape_attributes": {
          "name": "polygon",
          "all_points_x": [24, 28, 162, 171, 226, 229, 249, 248, 138, 114, 114, 107, 99, 100, 98, 64, 51, 51, 43, 46, 33, 29, 24],
          "all_points_y": [114, 35, 36, 52, 51, 131, 134, 149, 149, 142, 121, 112, 117, 131, 137, 131, 121, 106, 108, 114, 104, 122, 114]
        },
        "region_attributes": {
          "name": "firetruck"
        }
      }
    }
  },
  "25.jpg": {
    "fileref": "",
    "size": 13132,
    "filename": "25.jpg",
    "base64_img_data": "",
    "file_attributes": {},
    "regions": {
      "0": {
        "shape_attributes": {
          "name": "polygon",
          "all_points_x": [1, 1, 228, 235, 258, 256, 239, 235, 219, 214, 214, 118, 106, 105, 87, 69, 68, 68, 54, 54, 33, 13, 2, 1],
          "all_points_y": [146, 46, 71, 93, 91, 139, 144, 116, 120, 134, 140, 147, 145, 130, 130, 134, 135, 136, 140, 131, 131, 152, 154, 146]
        },
        "region_attributes": {
          "name": "firetruck"
        }
      }
    }
  },
  "24.jpg": {
    "fileref": "",
    "size": 8604,
    "filename": "24.jpg",
    "base64_img_data": "",
    "file_attributes": {},
    "regions": {
      "0": {
        "shape_attributes": {
          "name": "polygon",
          "all_points_x": [34, 36, 51, 84, 95, 128, 206, 242, 238, 143, 260, 277, 270, 34],
          "all_points_y": [167, 125, 114, 114, 132, 138, 17, 26, 50, 125, 113, 139, 166, 167]
        },
        "region_attributes": {
          "name": "firetruck"
        }
      }
    }
  },
  "22.jpg": {
    "fileref": "",
    "size": 10278,
    "filename": "22.jpg",
    "base64_img_data": "",
    "file_attributes": {},
    "regions": {
      "0": {
        "shape_attributes": {
          "name": "polygon",
          "all_points_x": [17, 18, 128, 141, 198, 228, 235, 232, 228, 219, 219, 185, 173, 165, 147, 147, 122, 17],
          "all_points_y": [157, 22, 16, 27, 52, 58, 116, 116, 102, 105, 127, 147, 149, 117, 118, 167, 177, 157]
        },
        "region_attributes": {
          "name": "firetruck"
        }
      }
    }
  },
  "21.jpg": {
    "fileref": "",
    "size": 13400,
    "filename": "21.jpg",
    "base64_img_data": "",
    "file_attributes": {},
    "regions": {
      "0": {
        "shape_attributes": {
          "name": "polygon",
          "all_points_x": [3, 2, 184, 232, 237, 254, 255, 185, 149, 114, 106, 88, 76, 75, 31, 16, 17, 4, 3],
          "all_points_y": [96, 35, 7, 20, 117, 124, 144, 181, 163, 149, 112, 101, 101, 130, 114, 107, 88, 86, 96]
        },
        "region_attributes": {
          "name": "firetruck"
        }
      }
    }
  },
  "20.jpg": {
    "fileref": "",
    "size": 12893,
    "filename": "20.jpg",
    "base64_img_data": "",
    "file_attributes": {},
    "regions": {
      "0": {
        "shape_attributes": {
          "name": "polygon",
          "all_points_x": [28, 30, 101, 103, 236, 238, 245, 254, 135, 124, 112, 102, 52, 49, 47, 41, 41, 34, 28],
          "all_points_y": [131, 46, 48, 36, 26, 44, 47, 139, 134, 112, 100, 140, 138, 120, 113, 130, 132, 134, 131]
        },
        "region_attributes": {
          "name": "firetruck"
        }
      }
    }
  },
  "19.jpg": {
    "fileref": "",
    "size": 14767,
    "filename": "19.jpg",
    "base64_img_data": "",
    "file_attributes": {},
    "regions": {
      "0": {
        "shape_attributes": {
          "name": "polygon",
          "all_points_x": [67, 89, 245, 252, 242, 236, 225, 193, 182, 166, 132, 63, 67],
          "all_points_y": [112, 41, 48, 101, 98, 82, 100, 112, 95, 124, 134, 116, 112]
        },
        "region_attributes": {
          "name": "firetruck"
        }
      }
    }
  },
  "15.jpg": {
    "fileref": "",
    "size": 12169,
    "filename": "15.jpg",
    "base64_img_data": "",
    "file_attributes": {},
    "regions": {
      "0": {
        "shape_attributes": {
          "name": "polygon",
          "all_points_x": [57, 74, 63, 55, 84, 231, 232, 211, 206, 207, 196, 187, 144, 134, 121, 112, 57],
          "all_points_y": [118, 70, 62, 56, 42, 75, 115, 116, 105, 111, 104, 117, 122, 109, 107, 125, 118]
        },
        "region_attributes": {
          "name": "firetruck"
        }
      }
    }
  },
  "18.jpg": {
    "fileref": "",
    "size": 12640,
    "filename": "18.jpg",
    "base64_img_data": "",
    "file_attributes": {},
    "regions": {
      "0": {
        "shape_attributes": {
          "name": "polygon",
          "all_points_x": [13, 45, 265, 267, 249, 243, 234, 180, 167, 143, 143, 105, 9, 13],
          "all_points_y": [140, 38, 63, 130, 126, 103, 135, 144, 116, 121, 151, 159, 144, 140]
        },
        "region_attributes": {
          "name": "firetruck"
        }
      }
    }
  },
  "16.jpg": {
    "fileref": "",
    "size": 12360,
    "filename": "16.jpg",
    "base64_img_data": "",
    "file_attributes": {},
    "regions": {
      "0": {
        "shape_attributes": {
          "name": "polygon",
          "all_points_x": [9, 9, 26, 36, 184, 238, 241, 186, 161, 203, 215, 221, 135, 117, 102, 103, 94, 82, 83, 56, 44, 42, 35, 35, 20, 22, 15, 1, 9],
          "all_points_y": [98, 115, 106, 68, 19, 18, 67, 65, 77, 83, 142, 160, 160, 161, 158, 136, 121, 136, 148, 151, 151, 150, 146, 115, 122, 131, 138, 135, 98]
        },
        "region_attributes": {
          "name": "firetruck"
        }
      }
    }
  },
  "13.jpg": {
    "fileref": "",
    "size": 11906,
    "filename": "13.jpg",
    "base64_img_data": "",
    "file_attributes": {},
    "regions": {
      "0": {
        "shape_attributes": {
          "name": "polygon",
          "all_points_x": [6, 4, 43, 106, 185, 190, 251, 258, 258, 252, 248, 237, 235, 177, 176, 168, 158, 149, 102, 14, 6],
          "all_points_y": [152, 51, 40, 43, 45, 41, 41, 49, 143, 143, 115, 126, 150, 152, 120, 120, 117, 154, 156, 153, 152]
        },
        "region_attributes": {
          "name": "firetruck"
        }
      }
    }
  },
  "12.jpg": {
    "fileref": "",
    "size": 10974,
    "filename": "12.jpg",
    "base64_img_data": "",
    "file_attributes": {},
    "regions": {
      "0": {
        "shape_attributes": {
          "name": "polygon",
          "all_points_x": [23, 43, 256, 262, 260, 244, 232, 225, 147, 139, 119, 119, 67, 42, 23],
          "all_points_y": [131, 48, 61, 72, 124, 119, 98, 122, 134, 114, 109, 140, 141, 139, 131]
        },
        "region_attributes": {
          "name": "firetruck"
        }
      }
    }
  },
  "11.jpg": {
    "fileref": "",
    "size": 12929,
    "filename": "11.jpg",
    "base64_img_data": "",
    "file_attributes": {},
    "regions": {
      "0": {
        "shape_attributes": {
          "name": "polygon",
          "all_points_x": [18, 18, 28, 278, 332, 361, 361, 391, 391, 398, 396, 391, 380, 365, 342, 321, 297, 297, 163, 143, 116, 89, 72, 67, 50, 43, 33, 18],
          "all_points_y": [97, 71, 54, 48, 46, 46, 27, 35, 62, 64, 85, 95, 95, 97, 97, 78, 94, 96, 98, 83, 99, 97, 101, 85, 86, 94, 95, 97]
        },
        "region_attributes": {
          "name": "firetruck"
        }
      }
    }
  },
  "10.jpg": {
    "fileref": "",
    "size": 10897,
    "filename": "10.jpg",
    "base64_img_data": "",
    "file_attributes": {},
    "regions": {
      "0": {
        "shape_attributes": {
          "name": "polygon",
          "all_points_x": [19, 19, 35, 36, 49, 245, 251, 251, 249, 249, 241, 241, 233, 223, 209, 200, 140, 123, 102, 87, 31, 15, 19],
          "all_points_y": [158, 138, 138, 75, 44, 67, 104, 132, 134, 144, 142, 132, 131, 142, 130, 148, 151, 133, 139, 165, 164, 154, 158]
        },
        "region_attributes": {
          "name": "firetruck"
        }
      }
    }
  },
  "9.jpg": {
    "fileref": "",
    "size": 13752,
    "filename": "9.jpg",
    "base64_img_data": "",
    "file_attributes": {},
    "regions": {
      "0": {
        "shape_attributes": {
          "name": "polygon",
          "all_points_x": [8, 131, 140, 112, 104, 72, 53, 2, 8],
          "all_points_y": [45, 71, 148, 152, 117, 119, 155, 166, 45]
        },
        "region_attributes": {
          "name": "firetruck"
        }
      }
    }
  },
  "8.jpg": {
    "fileref": "",
    "size": 10080,
    "filename": "8.jpg",
    "base64_img_data": "",
    "file_attributes": {},
    "regions": {
      "0": {
        "shape_attributes": {
          "name": "polygon",
          "all_points_x": [33, 40, 131, 39, 41, 242, 245, 258, 253, 240, 227, 225, 213, 203, 203, 129, 122, 102, 94, 33],
          "all_points_y": [135, 66, 69, 60, 40, 60, 79, 81, 125, 125, 105, 115, 110, 115, 126, 135, 111, 112, 138, 135]
        },
        "region_attributes": {
          "name": "firetruck"
        }
      }
    }
  },
  "7.jpg": {
    "fileref": "",
    "size": 10029,
    "filename": "7.jpg",
    "base64_img_data": "",
    "file_attributes": {},
    "regions": {
      "0": {
        "shape_attributes": {
          "name": "polygon",
          "all_points_x": [11, 15, 31, 42, 246, 246, 266, 264, 249, 244, 234, 234, 142, 137, 107, 107, 43, 11],
          "all_points_y": [128, 109, 117, 49, 52, 70, 63, 107, 109, 95, 96, 113, 134, 98, 116, 129, 146, 128]
        },
        "region_attributes": {
          "name": "firetruck"
        }
      }
    }
  },
  "6.jpg": {
    "fileref": "",
    "size": 11819,
    "filename": "6.jpg",
    "base64_img_data": "",
    "file_attributes": {},
    "regions": {
      "0": {
        "shape_attributes": {
          "name": "polygon",
          "all_points_x": [4, 5, 50, 58, 108, 110, 202, 230, 241, 251, 265, 265, 208, 190, 143, 145, 111, 112, 94, 70, 70, 25, 25, 8, 11, 4],
          "all_points_y": [97, 41, 38, 16, 2, 16, 2, 17, 19, 114, 122, 141, 159, 168, 139, 171, 154, 119, 104, 104, 145, 113, 87, 86, 103, 97]
        },
        "region_attributes": {
          "name": "firetruck"
        }
      }
    }
  },
  "5.jpg": {
    "fileref": "",
    "size": 13886,
    "filename": "5.jpg",
    "base64_img_data": "",
    "file_attributes": {},
    "regions": {
      "0": {
        "shape_attributes": {
          "name": "polygon",
          "all_points_x": [19, 22, 245, 252, 274, 275, 258, 252, 177, 165, 150, 134, 101, 61, 27, 19],
          "all_points_y": [135, 30, 24, 32, 33, 120, 105, 123, 143, 102, 113, 148, 146, 147, 150, 135]
        },
        "region_attributes": {
          "name": "firetruck"
        }
      }
    }
  },
  "3.jpg": {
    "fileref": "",
    "size": 10614,
    "filename": "3.jpg",
    "base64_img_data": "",
    "file_attributes": {},
    "regions": {
      "0": {
        "shape_attributes": {
          "name": "polygon",
          "all_points_x": [20, 43, 95, 104, 259, 268, 246, 236, 220, 220, 127, 120, 82, 82, 20],
          "all_points_y": [149, 80, 76, 61, 82, 131, 141, 126, 126, 135, 147, 120, 129, 151, 149]
        },
        "region_attributes": {
          "name": "firetruck"
        }
      }
    }
  },
  "2.jpg": {
    "fileref": "",
    "size": 10788,
    "filename": "2.jpg",
    "base64_img_data": "",
    "file_attributes": {},
    "regions": {
      "0": {
        "shape_attributes": {
          "name": "polygon",
          "all_points_x": [11, 27, 34, 165, 165, 245, 255, 255, 235, 234, 228, 177, 177, 147, 148, 11],
          "all_points_y": [142, 105, 45, 46, 26, 58, 87, 139, 133, 112, 143, 144, 115, 119, 152, 142]
        },
        "region_attributes": {
          "name": "firetruck"
        }
      }
    }
  },
  "1.jpg": {
    "fileref": "",
    "size": 13123,
    "filename": "1.jpg",
    "base64_img_data": "",
    "file_attributes": {},
    "regions": {
      "0": {
        "shape_attributes": {
          "name": "polygon",
          "all_points_x": [4, 3, 83, 121, 123, 131, 53, 46, 32, 32, 32, 32, 4],
          "all_points_y": [134, 68, 69, 99, 137, 138, 143, 126, 123, 133, 135, 139, 134]
        },
        "region_attributes": {
          "name": "firetruck"
        }
      },
      "1": {
        "shape_attributes": {
          "name": "polygon",
          "all_points_x": [155, 176, 267, 269, 250, 230, 230, 201, 155],
          "all_points_y": [132, 66, 70, 144, 139, 118, 135, 141, 132]
        },
        "region_attributes": {
          "name": "firetruck"
        }
      }
    }
  },
  "14.jpg": {
    "fileref": "",
    "size": 13249,
    "filename": "14.jpg",
    "base64_img_data": "",
    "file_attributes": {},
    "regions": {
      "0": {
        "shape_attributes": {
          "name": "polygon",
          "all_points_x": [31, 57, 272, 272, 245, 244, 228, 228, 151, 139, 122, 122, 31],
          "all_points_y": [115, 38, 53, 100, 108, 92, 97, 105, 112, 94, 96, 116, 115]
        },
        "region_attributes": {
          "name": "firetruck"
        }
      }
    }
  },
   "3700027070_ecbafc4981_n.jpg": {
    "fileref": "",
    "size": 62699,
    "filename": "3700027070_ecbafc4981_n.jpg",
    "base64_img_data": "",
    "file_attributes": {},
    "regions": {
      "0": {
        "shape_attributes": {
          "name": "polygon",
          "all_points_x": [119, 119, 159, 160, 179, 190, 219, 285, 289, 299, 302, 309, 312, 308, 297, 274, 256, 244, 242, 233, 219, 204, 197, 198, 197, 91, 88, 82, 71, 60, 51, 51, 42, 22, 15, 13, 11, 14, 18, 19, 24, 32, 39, 52, 64, 77, 89, 105, 119],
          "all_points_y": [52, 47, 47, 53, 54, 59, 78, 89, 90, 91, 88, 94, 110, 120, 121, 125, 128, 128, 114, 103, 99, 103, 112, 124, 127, 122, 114, 100, 95, 95, 102, 118, 117, 113, 112, 109, 98, 94, 93, 82, 77, 74, 74, 74, 73, 61, 57, 53, 52]
        },
        "region_attributes": {"name": "police"}
      }
    }
  },
  "3700027326_e406a777e1_n.jpg": {
    "fileref": "",
    "size": 56541,
    "filename": "3700027326_e406a777e1_n.jpg",
    "base64_img_data": "",
    "file_attributes": {},
    "regions": {
      "0": {
        "shape_attributes": {
          "name": "polygon",
          "all_points_x": [228, 240, 251, 255, 271, 284, 296, 299, 302, 307, 308, 306, 301, 289, 279, 258, 210, 205, 203, 191, 175, 167, 166, 167, 69, 66, 57, 47, 37, 33, 33, 17, 13, 12, 17, 19, 24, 47, 70, 82, 100, 120, 141, 171, 197, 228],
          "all_points_y": [54, 61, 71, 74, 76, 77, 79, 81, 95, 99, 106, 114, 118, 118, 120, 120, 122, 114, 105, 95, 96, 102, 112, 121, 119, 106, 94, 92, 97, 107, 119, 119, 110, 102, 98, 89, 87, 82, 79, 78, 65, 55, 50, 49, 49, 54]
        },
        "region_attributes": {"name": "police"}
      }
    }
  },
  "3700027640_e75031a96b_n.jpg": {
    "fileref": "",
    "size": 25322,
    "filename": "3700027640_e75031a96b_n.jpg",
    "base64_img_data": "",
    "file_attributes": {},
    "regions": {
      "0": {
        "shape_attributes": {
          "name": "polygon",
          "all_points_x": [182, 212, 221, 236, 258, 272, 277, 279, 284, 282, 275, 213, 166, 162, 153, 135, 129, 131, 50, 44, 38, 29, 19, 16, 19, 9, 5, 3, 6, 11, 29, 46, 64, 78, 95, 117, 117, 182, 182],
          "all_points_y": [67, 73, 79, 94, 98, 101, 108, 120, 122, 140, 144, 147, 147, 136, 120, 117, 129, 141, 137, 123, 111, 107, 114, 130, 136, 134, 125, 115, 111, 102, 97, 93, 92, 80, 70, 65, 58, 58, 67]
        },
        "region_attributes": {"name": "police"}
      },
      "1": {
        "shape_attributes": {
          "name": "polygon",
          "all_points_x": [231, 233, 247, 282, 282, 301, 311, 320, 320, 302, 284, 284, 279, 277, 272, 236, 220, 213, 200, 213, 231],
          "all_points_y": [62, 53, 53, 55, 63, 64, 67, 72, 123, 125, 126, 121, 119, 107, 100, 93, 78, 73, 70, 64, 62]
        },
        "region_attributes": {"name": "police"}
      }
    }
  },
  "3700028108_7974b927bc_n.jpg": {
    "fileref": "",
    "size": 67008,
    "filename": "3700028108_7974b927bc_n.jpg",
    "base64_img_data": "",
    "file_attributes": {},
    "regions": {
      "0": {
        "shape_attributes": {
          "name": "polygon",
          "all_points_x": [174, 182, 212, 224, 248, 268, 281, 290, 301, 305, 310, 308, 296, 280, 278, 262, 247, 238, 234, 110, 106, 94, 76, 64, 59, 59, 32, 10, 6, 6, 14, 14, 26, 67, 81, 98, 126, 151, 174],
          "all_points_y": [53, 56, 73, 75, 77, 79, 82, 82, 84, 84, 93, 110, 120, 120, 103, 96, 98, 106, 120, 125, 112, 102, 101, 107, 117, 127, 125, 123, 118, 105, 99, 86, 77, 75, 63, 55, 52, 51, 53]
        },
        "region_attributes": {"name": "police"}
      },
      "1": {
        "shape_attributes": {
          "name": "polygon",
          "all_points_x": [48, 132, 136, 145, 145, 114, 97, 80, 66, 38, 38, 48],
          "all_points_y": [41, 41, 43, 49, 51, 53, 55, 63, 74, 76, 56, 41]
        },
        "region_attributes": {"name": "police"}
      }
    }
  },
  "3700028564_e2e89e85e7_n.jpg": {
    "fileref": "",
    "size": 25750,
    "filename": "3700028564_e2e89e85e7_n.jpg",
    "base64_img_data": "",
    "file_attributes": {},
    "regions": {
      "0": {
        "shape_attributes": {
          "name": "polygon",
          "all_points_x": [176, 176, 207, 214, 235, 271, 283, 287, 288, 294, 297, 295, 264, 247, 210, 185, 177, 169, 156, 139, 135, 135, 137, 51, 49, 44, 33, 26, 28, 20, 18, 19, 22, 51, 68, 79, 93, 115, 115, 176],
          "all_points_y": [37, 44, 47, 53, 72, 75, 79, 85, 96, 100, 107, 118, 136, 143, 144, 140, 130, 113, 107, 108, 114, 127, 131, 114, 107, 93, 87, 97, 109, 102, 94, 89, 82, 72, 70, 59, 52, 48, 40, 37]
        },
        "region_attributes": {"name": "police"}
      }
    }
  },
  "3700029296_fd27d103d9_n.jpg": {
    "fileref": "",
    "size": 71488,
    "filename": "3700029296_fd27d103d9_n.jpg",
    "base64_img_data": "",
    "file_attributes": {},
    "regions": {
      "0": {
        "shape_attributes": {
          "name": "polygon",
          "all_points_x": [258, 157, 160, 158, 148, 129, 118, 114, 110, 94, 59, 41, 9, 8, 16, 17, 18, 26, 60, 71, 77, 90, 105, 134, 134, 185, 185, 201, 215, 230, 235, 269, 289, 298, 305, 302, 297, 289, 290, 283, 273, 265, 261, 258],
          "all_points_y": [139, 155, 148, 131, 127, 131, 142, 153, 162, 162, 164, 161, 145, 129, 125, 116, 107, 104, 99, 98, 91, 82, 75, 71, 64, 66, 71, 74, 78, 88, 93, 98, 103, 106, 115, 124, 131, 132, 121, 112, 112, 119, 132, 139]
        },
        "region_attributes": {"name": "police"}
      },
      "1": {
        "shape_attributes": {
          "name": "polygon",
          "all_points_x": [240, 253, 276, 288, 292, 296, 298, 297, 269, 235, 231, 215, 185, 186, 162, 164, 204, 202, 217, 240],
          "all_points_y": [80, 84, 87, 90, 93, 99, 103, 105, 98, 93, 87, 78, 71, 66, 65, 60, 62, 66, 67, 80]
        },
        "region_attributes": {"name": "police"}
      }
    }
  },
  "3701731279_a4051816a5_n.jpg": {
    "fileref": "",
    "size": 67623,
    "filename": "3701731279_a4051816a5_n.jpg",
    "base64_img_data": "",
    "file_attributes": {},
    "regions": {
      "0": {
        "shape_attributes": {
          "name": "polygon",
          "all_points_x": [203, 211, 216, 230, 241, 253, 257, 260, 260, 256, 256, 250, 248, 245, 231, 206, 206, 202, 197, 194, 191, 157, 111, 82, 79, 79, 82, 83, 87, 101, 108, 115, 124, 140, 142, 203, 205, 203],
          "all_points_y": [75, 75, 77, 89, 98, 101, 105, 113, 121, 127, 112, 112, 123, 131, 132, 138, 129, 119, 122, 135, 140, 144, 141, 139, 134, 122, 120, 111, 103, 99, 98, 88, 78, 73, 67, 66, 70, 75]
        },
        "region_attributes": {"name": "police"}
      }
    }
  },
  "3702537882_ec02e76c41_n.jpg": {
    "fileref": "",
    "size": 61241,
    "filename": "3702537882_ec02e76c41_n.jpg",
    "base64_img_data": "",
    "file_attributes": {},
    "regions": {
      "0": {
        "shape_attributes": {
          "name": "polygon",
          "all_points_x": [41, 174, 202, 214, 239, 245, 270, 290, 297, 299, 307, 307, 306, 290, 288, 277, 263, 255, 252, 127, 118, 103, 84, 71, 36, 18, 11, 15, 20, 18, 19, 34, 41],
          "all_points_y": [41, 45, 48, 55, 73, 76, 79, 84, 91, 103, 106, 115, 119, 120, 107, 99, 106, 117, 130, 138, 117, 110, 116, 132, 136, 138, 126, 116, 117, 100, 90, 48, 41]
        },
        "region_attributes": {"name": "police"}
      }
    }
  },
  "3747694567_4869fc367f_n.jpg": {
    "fileref": "",
    "size": 30890,
    "filename": "3747694567_4869fc367f_n.jpg",
    "base64_img_data": "",
    "file_attributes": {},
    "regions": {
      "0": {
        "shape_attributes": {
          "name": "polygon",
          "all_points_x": [65, 82, 93, 116, 133, 135, 152, 154, 169, 179, 193, 214, 244, 271, 292, 296, 300, 302, 300, 302, 305, 310, 310, 301, 277, 276, 271, 255, 240, 234, 231, 230, 105, 101, 92, 80, 67, 61, 57, 57, 46, 33, 16, 6, 7, 14, 16, 21, 32, 65],
          "all_points_y": [76, 61, 56, 53, 52, 46, 46, 53, 54, 56, 64, 77, 79, 82, 88, 90, 97, 98, 91, 85, 87, 94, 111, 119, 122, 113, 99, 95, 98, 106, 117, 121, 121, 108, 100, 98, 100, 104, 114, 123, 123, 121, 119, 114, 102, 97, 85, 80, 78, 76]
        },
        "region_attributes": {"name": "police"}
      }
    }
  },
  "3747694833_91c246082b_n.jpg": {
    "fileref": "",
    "size": 68184,
    "filename": "3747694833_91c246082b_n.jpg",
    "base64_img_data": "",
    "file_attributes": {},
    "regions": {
      "0": {
        "shape_attributes": {
          "name": "polygon",
          "all_points_x": [69, 86, 100, 117, 133, 134, 214, 216, 223, 236, 250, 258, 274, 280, 283, 284, 280, 280, 277, 273, 269, 267, 216, 218, 210, 197, 192, 189, 179, 162, 141, 119, 77, 44, 21, 11, 9, 9, 18, 21, 28, 69],
          "all_points_y": [84, 64, 54, 49, 46, 39, 40, 47, 48, 54, 68, 77, 78, 81, 90, 102, 112, 95, 89, 95, 113, 119, 141, 119, 114, 121, 134, 147, 159, 165, 167, 168, 165, 159, 155, 149, 132, 127, 121, 103, 94, 84]
        },
        "region_attributes": {"name": "police"}
      }
    }
  },
  "3747695043_db89064d92_n.jpg": {
    "fileref": "",
    "size": 66280,
    "filename": "3747695043_db89064d92_n.jpg",
    "base64_img_data": "",
    "file_attributes": {},
    "regions": {
      "0": {
        "shape_attributes": {
          "name": "polygon",
          "all_points_x": [136, 60, 56, 49, 42, 36, 38, 31, 24, 23, 23, 26, 27, 32, 39, 44, 58, 74, 90, 94, 154, 154, 166, 174, 185, 196, 207, 220, 242, 260, 273, 275, 279, 283, 283, 281, 272, 257, 232, 213, 194, 175, 171, 165, 151, 139, 135, 135, 136],
          "all_points_y": [124, 108, 92, 80, 77, 83, 100, 96, 90, 85, 74, 72, 63, 56, 56, 54, 44, 35, 35, 29, 27, 32, 34, 36, 42, 52, 59, 61, 66, 72, 80, 88, 90, 97, 106, 112, 118, 122, 127, 131, 131, 131, 114, 98, 89, 90, 96, 115, 124]
        },
        "region_attributes": {"name": "police"}
      },
      "1": {
        "shape_attributes": {
          "name": "polygon",
          "all_points_x": [320, 309, 307, 305, 298, 289, 273, 267, 260, 241, 219, 207, 196, 186, 179, 168, 186, 200, 205, 217, 236, 248, 249, 260, 271, 280, 296, 304, 320, 320],
          "all_points_y": [103, 102, 97, 90, 77, 73, 72, 76, 71, 66, 61, 59, 52, 42, 39, 34, 27, 26, 22, 21, 20, 20, 26, 26, 29, 34, 46, 50, 52, 103]
        },
        "region_attributes": {"name": "police"}
      }
    }
  },
  "3747695421_06140a46fe_n.jpg": {
    "fileref": "",
    "size": 39547,
    "filename": "3747695421_06140a46fe_n.jpg",
    "base64_img_data": "",
    "file_attributes": {},
    "regions": {
      "0": {
        "shape_attributes": {
          "name": "polygon",
          "all_points_x": [252, 166, 166, 158, 146, 133, 121, 115, 106, 91, 58, 14, 8, 8, 9, 14, 48, 95, 123, 135, 147, 148, 207, 218, 265, 271, 280, 294, 300, 297, 280, 281, 271, 263, 252],
          "all_points_y": [130, 149, 134, 123, 117, 119, 130, 141, 165, 166, 164, 156, 136, 99, 95, 96, 89, 79, 56, 49, 46, 41, 40, 42, 43, 47, 48, 74, 97, 120, 125, 111, 106, 110, 130]
        },
        "region_attributes": {"name": "police"}
      },
      "1": {
        "shape_attributes": {
          "name": "polygon",
          "all_points_x": [36, 65, 84, 80, 116, 96, 13, 9, 8, 8, 0, 0, 33, 36],
          "all_points_y": [88, 68, 64, 58, 60, 78, 95, 95, 98, 138, 137, 95, 88, 88]
        },
        "region_attributes": {"name": "police"}
      }
    }
  },
  "3747696089_fe5fdde474_n.jpg": {
    "fileref": "",
    "size": 72192,
    "filename": "3747696089_fe5fdde474_n.jpg",
    "base64_img_data": "",
    "file_attributes": {},
    "regions": {
      "0": {
        "shape_attributes": {
          "name": "polygon",
          "all_points_x": [171, 74, 71, 64, 54, 48, 48, 34, 27, 26, 30, 31, 34, 56, 69, 83, 104, 105, 109, 154, 154, 172, 181, 194, 204, 217, 237, 271, 276, 292, 300, 303, 303, 293, 284, 269, 254, 221, 217, 208, 196, 178, 171, 170, 171],
          "all_points_y": [129, 123, 111, 101, 101, 107, 120, 117, 113, 103, 101, 90, 86, 83, 68, 62, 57, 52, 50, 53, 55, 57, 62, 70, 77, 79, 79, 84, 84, 85, 91, 102, 115, 120, 124, 127, 131, 131, 117, 101, 97, 99, 108, 122, 129]
        },
        "region_attributes": {"name": "police"}
      }
    }
  },
  "3747696409_eac62119a3_n.jpg": {
    "fileref": "",
    "size": 37967,
    "filename": "3747696409_eac62119a3_n.jpg",
    "base64_img_data": "",
    "file_attributes": {},
    "regions": {
      "0": {
        "shape_attributes": {
          "name": "polygon",
          "all_points_x": [189, 52, 52, 41, 26, 17, 18, 10, 8, 11, 19, 41, 69, 83, 103, 123, 140, 137, 149, 172, 179, 198, 216, 251, 266, 295, 297, 300, 301, 306, 309, 304, 295, 254, 249, 233, 207, 190, 189],
          "all_points_y": [126, 122, 105, 87, 84, 95, 118, 111, 96, 82, 79, 75, 71, 60, 49, 44, 41, 34, 33, 39, 41, 43, 48, 57, 62, 63, 68, 80, 87, 91, 107, 118, 127, 129, 105, 90, 89, 106, 126]
        },
        "region_attributes": {"name": "police"}
      }
    }
  },
  "3748484610_778b62174a_n.jpg": {
    "fileref": "",
    "size": 35169,
    "filename": "3748484610_778b62174a_n.jpg",
    "base64_img_data": "",
    "file_attributes": {},
    "regions": {
      "0": {
        "shape_attributes": {
          "name": "polygon",
          "all_points_x": [33, 11, 5, 7, 13, 20, 75, 91, 120, 136, 157, 159, 175, 176, 221, 232, 248, 283, 299, 302, 307, 309, 307, 299, 258, 257, 245, 225, 211, 210, 78, 74, 64, 49, 35, 31, 33],
          "all_points_y": [119, 116, 102, 96, 80, 83, 76, 74, 56, 47, 45, 40, 40, 46, 49, 57, 70, 73, 77, 90, 95, 105, 112, 115, 118, 99, 93, 93, 104, 118, 120, 106, 93, 90, 95, 108, 119]
        },
        "region_attributes": {"name": "police"}
      }
    }
  },
  "3748485638_9b6dbc53e5_n.jpg": {
    "fileref": "",
    "size": 81025,
    "filename": "3748485638_9b6dbc53e5_n.jpg",
    "base64_img_data": "",
    "file_attributes": {},
    "regions": {
      "0": {
        "shape_attributes": {
          "name": "polygon",
          "all_points_x": [16, 11, 14, 18, 33, 50, 63, 75, 90, 110, 110, 125, 152, 182, 184, 202, 221, 247, 267, 293, 303, 309, 314, 315, 313, 301, 277, 242, 195, 176, 165, 144, 136, 136, 138, 114, 68, 40, 34, 31, 23, 17, 17, 16],
          "all_points_y": [119, 103, 86, 80, 79, 77, 67, 56, 50, 46, 41, 40, 39, 39, 43, 49, 53, 63, 75, 79, 82, 103, 108, 125, 136, 146, 153, 163, 162, 124, 114, 111, 125, 146, 157, 148, 137, 129, 105, 92, 88, 94, 105, 119]
        },
        "region_attributes": {"name": "police"}
      }
    }
  },
  "3748485854_3c5f389093_n.jpg": {
    "fileref": "",
    "size": 71059,
    "filename": "3748485854_3c5f389093_n.jpg",
    "base64_img_data": "",
    "file_attributes": {},
    "regions": {
      "0": {
        "shape_attributes": {
          "name": "polygon",
          "all_points_x": [162, 60, 58, 56, 51, 41, 32, 31, 31, 27, 25, 27, 30, 34, 43, 54, 66, 73, 77, 101, 129, 128, 140, 192, 252, 270, 275, 285, 295, 301, 303, 306, 306, 296, 267, 214, 211, 200, 183, 164, 158, 162],
          "all_points_y": [137, 128, 125, 114, 97, 91, 95, 103, 121, 119, 104, 98, 89, 85, 83, 81, 78, 78, 71, 54, 48, 40, 40, 46, 48, 52, 57, 66, 74, 83, 96, 101, 124, 133, 135, 136, 119, 100, 95, 102, 115, 137]
        },
        "region_attributes": {"name": "police"}
      }
    }
  },
  "4949651527_f4cd729b18_n.jpg": {
    "fileref": "",
    "size": 40449,
    "filename": "4949651527_f4cd729b18_n.jpg",
    "base64_img_data": "",
    "file_attributes": {},
    "regions": {
      "0": {
        "shape_attributes": {
          "name": "polygon",
          "all_points_x": [42, 23, 22, 16, 16, 22, 27, 46, 80, 97, 107, 134, 150, 175, 184, 201, 199, 246, 277, 283, 298, 302, 302, 306, 304, 277, 270, 256, 241, 234, 227, 231, 102, 102, 89, 74, 58, 46, 42, 42],
          "all_points_y": [164, 162, 158, 154, 141, 117, 112, 107, 102, 102, 94, 76, 73, 71, 63, 63, 70, 70, 72, 76, 96, 114, 126, 129, 147, 151, 134, 127, 130, 140, 153, 160, 166, 152, 133, 128, 131, 143, 158, 164]
        },
        "region_attributes": {"name": "police"}
      }
    }
  },
  "5518368157_691b174d56_n.jpg": {
    "fileref": "",
    "size": 33044,
    "filename": "5518368157_691b174d56_n.jpg",
    "base64_img_data": "",
    "file_attributes": {},
    "regions": {
      "0": {
        "shape_attributes": {
          "name": "polygon",
          "all_points_x": [166, 63, 60, 57, 46, 32, 25, 25, 10, 3, 4, 8, 9, 15, 32, 57, 78, 94, 113, 130, 144, 149, 191, 194, 221, 230, 242, 255, 274, 286, 292, 292, 301, 297, 279, 258, 208, 205, 197, 185, 172, 167, 166],
          "all_points_y": [151, 146, 138, 123, 118, 118, 130, 144, 142, 134, 123, 122, 116, 111, 107, 105, 104, 92, 82, 78, 75, 75, 77, 79, 84, 92, 103, 104, 106, 109, 115, 125, 132, 149, 150, 151, 153, 139, 127, 124, 125, 136, 151]
        },
        "region_attributes": {"name": "police"}
      },
      "1": {
        "shape_attributes": {
          "name": "polygon",
          "all_points_x": [185, 220, 220, 265, 278, 285, 292, 292, 294, 293, 291, 294, 274, 272, 265, 247, 225, 209, 194, 193, 142, 132, 115, 108, 96, 97, 108, 132, 150, 158, 169, 183, 185],
          "all_points_y": [47, 48, 54, 54, 58, 68, 82, 98, 102, 98, 101, 102, 102, 92, 92, 83, 75, 74, 73, 71, 71, 76, 81, 83, 91, 81, 76, 74, 65, 58, 53, 54, 47]
        },
        "region_attributes": {"name": "police"}
      }
    }
  },
  "5518368315_ea579b7e6b_n.jpg": {
    "fileref": "",
    "size": 39830,
    "filename": "5518368315_ea579b7e6b_n.jpg",
    "base64_img_data": "",
    "file_attributes": {},
    "regions": {
      "0": {
        "shape_attributes": {
          "name": "polygon",
          "all_points_x": [142, 64, 60, 59, 53, 45, 37, 33, 34, 37, 48, 70, 77, 90, 101, 110, 128, 129, 139, 206, 206, 222, 239, 253, 268, 277, 292, 299, 302, 304, 305, 302, 294, 281, 253, 205, 182, 176, 167, 155, 144, 142, 142],
          "all_points_y": [152, 145, 141, 129, 109, 103, 106, 117, 104, 97, 92, 90, 90, 76, 68, 63, 61, 51, 51, 59, 64, 68, 73, 81, 90, 93, 95, 99, 109, 123, 137, 151, 154, 157, 154, 150, 152, 133, 113, 110, 120, 135, 152]
        },
        "region_attributes": {"name": "police"}
      }
    }
  },
  "5518369341_705ff7607e_n.jpg": {
    "fileref": "",
    "size": 43830,
    "filename": "5518369341_705ff7607e_n.jpg",
    "base64_img_data": "",
    "file_attributes": {},
    "regions": {
      "0": {
        "shape_attributes": {
          "name": "polygon",
          "all_points_x": [120, 98, 59, 54, 49, 42, 38, 39, 33, 31, 31, 35, 44, 47, 55, 89, 90, 108, 160, 162, 176, 197, 212, 228, 255, 279, 285, 286, 291, 293, 290, 276, 261, 235, 209, 184, 177, 170, 160, 141, 125, 121, 124, 120],
          "all_points_y": [162, 156, 135, 118, 102, 97, 98, 115, 112, 101, 82, 67, 51, 48, 46, 41, 34, 34, 35, 42, 44, 59, 73, 74, 80, 88, 98, 115, 120, 131, 143, 159, 172, 182, 189, 192, 190, 156, 127, 120, 120, 137, 150, 162]
        },
        "region_attributes": {"name": "police"}
      }
    }
  },
  "5518370205_6a00f7c034_n.jpg": {
    "fileref": "",
    "size": 32271,
    "filename": "5518370205_6a00f7c034_n.jpg",
    "base64_img_data": "",
    "file_attributes": {},
    "regions": {
      "0": {
        "shape_attributes": {
          "name": "polygon",
          "all_points_x": [210, 126, 60, 60, 60, 69, 80, 92, 103, 102, 199, 203, 211, 219, 214, 217, 210],
          "all_points_y": [170, 169, 160, 146, 132, 100, 82, 57, 44, 34, 42, 54, 78, 114, 133, 146, 170]
        },
        "region_attributes": {"name": "police"}
      }
    }
  },
  "5518371171_9afcc3fa98_n.jpg": {
    "fileref": "",
    "size": 37824,
    "filename": "5518371171_9afcc3fa98_n.jpg",
    "base64_img_data": "",
    "file_attributes": {},
    "regions": {
      "0": {
        "shape_attributes": {
          "name": "polygon",
          "all_points_x": [149, 164, 181, 203, 224, 254, 281, 287, 295, 296, 301, 307, 306, 302, 289, 288, 281, 269, 266, 248, 232, 219, 207, 195, 179, 162, 158, 152, 125, 68, 62, 55, 46, 44, 29, 24, 28, 28, 35, 53, 59, 69, 86, 93, 93, 145, 150, 149],
          "all_points_y": [53, 55, 62, 78, 80, 86, 94, 106, 112, 106, 104, 108, 137, 140, 142, 152, 156, 154, 152, 161, 162, 159, 157, 130, 122, 124, 141, 147, 140, 125, 115, 103, 104, 118, 113, 102, 98, 85, 79, 76, 68, 62, 57, 57, 52, 46, 49, 53]
        },
        "region_attributes": {"name": "police"}
      }
    }
  },
  "5518371999_bcd5f4cbbd_n.jpg": {
    "fileref": "",
    "size": 31972,
    "filename": "5518371999_bcd5f4cbbd_n.jpg",
    "base64_img_data": "",
    "file_attributes": {},
    "regions": {
      "0": {
        "shape_attributes": {
          "name": "polygon",
          "all_points_x": [54, 64, 77, 98, 110, 109, 116, 131, 157, 183, 191, 191, 190, 204, 213, 226, 237, 257, 291, 300, 303, 308, 302, 293, 276, 233, 195, 175, 169, 164, 155, 147, 139, 139, 106, 72, 66, 61, 52, 43, 40, 40, 29, 19, 19, 24, 24, 39, 54],
          "all_points_y": [86, 74, 62, 56, 55, 49, 48, 48, 48, 48, 50, 52, 57, 57, 63, 73, 83, 97, 105, 111, 119, 133, 149, 152, 152, 156, 155, 151, 134, 117, 112, 115, 127, 148, 149, 146, 144, 121, 108, 116, 135, 141, 136, 129, 115, 110, 96, 86, 86]
        },
        "region_attributes": {
          "name": "police"
        }
      },
      "1": {
        "shape_attributes": {
          "name": "polygon",
          "all_points_x": [284, 286, 286, 288, 289, 288, 295, 294, 280, 257, 247, 238, 221, 217, 218, 233, 233, 276, 278, 284],
          "all_points_y": [41, 45, 58, 65, 77, 89, 89, 98, 97, 97, 90, 83, 70, 65, 40, 41, 34, 35, 41, 41]
        },
        "region_attributes": {
          "name": "firetruck"
        }
      }
    }
  },
  "5518372469_9619b56cc3_n.jpg": {
    "fileref": "",
    "size": 36149,
    "filename": "5518372469_9619b56cc3_n.jpg",
    "base64_img_data": "",
    "file_attributes": {},
    "regions": {
      "0": {
        "shape_attributes": {
          "name": "polygon",
          "all_points_x": [181, 197, 213, 226, 242, 268, 277, 279, 275, 269, 269, 259, 253, 248, 243, 173, 176, 171, 165, 155, 147, 141, 119, 93, 27, 25, 24, 30, 32, 69, 88, 118, 119, 129, 181, 181],
          "all_points_y": [65, 68, 76, 85, 88, 91, 99, 109, 124, 124, 112, 102, 106, 117, 130, 143, 135, 122, 121, 124, 136, 147, 151, 151, 147, 138, 126, 125, 105, 97, 74, 65, 58, 57, 59, 65]
        },
        "region_attributes": {"name": "police"}
      },
      "1": {
        "shape_attributes": {
          "name": "polygon",
          "all_points_x": [0, 15, 33, 46, 51, 73, 80, 69, 32, 30, 23, 23, 0, 0],
          "all_points_y": [57, 59, 65, 72, 76, 82, 83, 96, 105, 125, 126, 129, 133, 57]
        },
        "region_attributes": {"name": "police"}
      }
    }
  },
  "5518373541_d03069988d_n.jpg": {
    "fileref": "",
    "size": 42619,
    "filename": "5518373541_d03069988d_n.jpg",
    "base64_img_data": "",
    "file_attributes": {},
    "regions": {
      "0": {
        "shape_attributes": {
          "name": "polygon",
          "all_points_x": [42, 61, 72, 79, 117, 121, 182, 227, 241, 260, 269, 294, 301, 299, 291, 283, 279, 272, 270, 246, 204, 200, 201, 202, 192, 171, 160, 155, 150, 144, 105, 66, 27, 17, 15, 22, 19, 23, 31, 42],
          "all_points_y": [54, 50, 49, 47, 45, 45, 46, 53, 55, 71, 84, 87, 95, 110, 106, 111, 127, 141, 147, 156, 170, 170, 158, 137, 126, 129, 136, 156, 176, 182, 186, 181, 159, 150, 135, 129, 112, 89, 70, 54]
        },
        "region_attributes": {"name": "police"}
      }
    }
  },
  "5518374135_7b485f1762_n.jpg": {
    "fileref": "",
    "size": 37437,
    "filename": "5518374135_7b485f1762_n.jpg",
    "base64_img_data": "",
    "file_attributes": {},
    "regions": {
      "0": {
        "shape_attributes": {
          "name": "polygon",
          "all_points_x": [84, 168, 175, 191, 196, 212, 235, 247, 267, 287, 291, 293, 297, 297, 288, 284, 273, 225, 161, 120, 111, 104, 100, 87, 81, 81, 80, 57, 45, 41, 37, 32, 30, 30, 32, 39, 49, 61, 79, 84],
          "all_points_y": [11, 16, 24, 27, 29, 42, 70, 74, 78, 91, 101, 123, 131, 148, 168, 177, 181, 188, 194, 192, 191, 151, 123, 111, 119, 141, 163, 148, 136, 110, 89, 87, 97, 80, 64, 41, 27, 24, 20, 11]
        },
        "region_attributes": {"name": "police"}
      },
      "1": {
        "shape_attributes": {
          "name": "polygon",
          "all_points_x": [319, 320, 297, 298, 293, 291, 287, 267, 249, 264, 280, 305, 307, 319],
          "all_points_y": [40, 141, 135, 129, 123, 98, 88, 77, 73, 59, 49, 45, 38, 40]
        },
        "region_attributes": {"name": "police"}
      },
      "2": {
        "shape_attributes": {
          "name": "polygon",
          "all_points_x": [208, 253, 288, 289, 296, 307, 305, 280, 263, 254, 233, 216, 207, 208],
          "all_points_y": [16, 14, 14, 25, 34, 38, 45, 49, 59, 56, 55, 31, 29, 16]
        },
        "region_attributes": {
          "name": "ambulance"
        }
      }
    }
  },
  "5518374625_e9e0325b59_n.jpg": {
    "fileref": "",
    "size": 28794,
    "filename": "5518374625_e9e0325b59_n.jpg",
    "base64_img_data": "",
    "file_attributes": {},
    "regions": {
      "0": {
        "shape_attributes": {
          "name": "polygon",
          "all_points_x": [128, 167, 170, 181, 193, 214, 224, 240, 264, 274, 277, 281, 280, 273, 261, 263, 253, 241, 233, 228, 135, 136, 130, 119, 108, 97, 96, 64, 42, 23, 19, 21, 26, 28, 35, 46, 72, 92, 115, 129, 128],
          "all_points_y": [75, 75, 81, 83, 89, 102, 110, 109, 113, 119, 125, 130, 139, 142, 143, 129, 121, 124, 134, 145, 148, 137, 124, 123, 128, 136, 144, 144, 142, 135, 122, 118, 118, 106, 100, 100, 98, 83, 77, 77, 75]
        },
        "region_attributes": {"name": "police"}
      },
      "1": {
        "shape_attributes": {
          "name": "polygon",
          "all_points_x": [193, 193, 203, 217, 229, 236, 256, 275, 281, 281, 284, 283, 280, 274, 265, 240, 225, 212, 193, 181, 171, 168, 193],
          "all_points_y": [77, 82, 82, 89, 97, 102, 103, 109, 114, 118, 119, 129, 128, 118, 113, 109, 109, 99, 88, 82, 80, 76, 77]
        },
        "region_attributes": {"name": "police"}
      }
    }
  },
  "5518374813_6f198bfdb7_n.jpg": {
    "fileref": "",
    "size": 39861,
    "filename": "5518374813_6f198bfdb7_n.jpg",
    "base64_img_data": "",
    "file_attributes": {},
    "regions": {
      "0": {
        "shape_attributes": {
          "name": "polygon",
          "all_points_x": [170, 171, 185, 193, 204, 218, 228, 244, 268, 271, 276, 277, 270, 266, 260, 200, 152, 142, 139, 136, 128, 118, 113, 114, 86, 68, 62, 58, 52, 53, 45, 46, 50, 51, 56, 62, 73, 81, 100, 100, 170],
          "all_points_y": [44, 51, 54, 62, 71, 84, 89, 95, 107, 118, 126, 134, 147, 149, 150, 155, 151, 148, 140, 121, 109, 110, 126, 137, 127, 121, 99, 91, 95, 110, 100, 91, 88, 75, 72, 72, 60, 53, 48, 42, 44]
        },
        "region_attributes": {"name": "police"}
      }
    }
  },
  "5518374987_a04878e74e_n.jpg": {
    "fileref": "",
    "size": 37990,
    "filename": "5518374987_a04878e74e_n.jpg",
    "base64_img_data": "",
    "file_attributes": {},
    "regions": {
      "0": {
        "shape_attributes": {
          "name": "polygon",
          "all_points_x": [201, 90, 87, 76, 64, 54, 50, 49, 30, 25, 24, 30, 33, 50, 64, 84, 105, 124, 139, 167, 192, 223, 234, 248, 271, 290, 293, 299, 300, 291, 261, 246, 240, 228, 213, 202, 201],
          "all_points_y": [155, 152, 138, 130, 128, 132, 143, 151, 150, 144, 134, 132, 123, 117, 116, 115, 112, 100, 91, 88, 88, 91, 98, 111, 113, 115, 129, 135, 150, 154, 156, 156, 140, 132, 132, 141, 155]
        },
        "region_attributes": {"name": "police"}
      }
    }
  },
  "5518375165_024e918b17_n.jpg": {
    "fileref": "",
    "size": 38714,
    "filename": "5518375165_024e918b17_n.jpg",
    "base64_img_data": "",
    "file_attributes": {},
    "regions": {
      "0": {
        "shape_attributes": {
          "name": "polygon",
          "all_points_x": [115, 70, 64, 61, 52, 51, 47, 47, 49, 56, 71, 82, 98, 112, 117, 176, 179, 203, 213, 225, 239, 251, 257, 259, 260, 264, 264, 259, 253, 223, 193, 171, 155, 140, 135, 127, 118, 116, 115],
          "all_points_y": [135, 128, 112, 103, 102, 122, 116, 106, 97, 93, 90, 79, 67, 62, 57, 57, 63, 68, 74, 89, 91, 93, 96, 107, 113, 115, 124, 135, 137, 139, 140, 141, 143, 137, 120, 111, 114, 126, 135]
        },
        "region_attributes": {"name": "police"}
      }
    }
  },
  "5518375803_41e46ec82f_n.jpg": {
    "fileref": "",
    "size": 33718,
    "filename": "5518375803_41e46ec82f_n.jpg",
    "base64_img_data": "",
    "file_attributes": {},
    "regions": {
      "0": {
        "shape_attributes": {
          "name": "polygon",
          "all_points_x": [201, 109, 108, 98, 79, 72, 69, 46, 32, 25, 29, 33, 36, 38, 43, 48, 64, 87, 107, 117, 130, 141, 153, 166, 204, 218, 228, 252, 266, 268, 271, 272, 269, 236, 236, 226, 210, 205, 203, 201],
          "all_points_y": [151, 150, 135, 126, 127, 139, 146, 146, 146, 138, 125, 119, 119, 117, 121, 118, 117, 113, 113, 105, 98, 94, 94, 92, 97, 102, 112, 113, 115, 127, 132, 140, 145, 147, 137, 127, 129, 140, 150, 151]
        },
        "region_attributes": {"name": "police"}
      }
    }
  },
  "5518376141_e65374a9ae_n.jpg": {
    "fileref": "",
    "size": 43870,
    "filename": "5518376141_e65374a9ae_n.jpg",
    "base64_img_data": "",
    "file_attributes": {},
    "regions": {
      "0": {
        "shape_attributes": {
          "name": "polygon",
          "all_points_x": [155, 106, 59, 37, 32, 31, 41, 42, 45, 54, 93, 97, 111, 126, 157, 159, 237, 238, 247, 261, 269, 281, 287, 286, 282, 274, 232, 238, 232, 223, 212, 211, 210, 155],
          "all_points_y": [182, 177, 163, 151, 148, 129, 123, 107, 98, 95, 84, 84, 67, 55, 48, 41, 43, 52, 54, 66, 77, 81, 87, 96, 89, 118, 147, 127, 120, 127, 149, 155, 162, 182]
        },
        "region_attributes": {"name": "police"}
      }
    }
  },
  "5518379181_d88e574826_n.jpg": {
    "fileref": "",
    "size": 32396,
    "filename": "5518379181_d88e574826_n.jpg",
    "base64_img_data": "",
    "file_attributes": {},
    "regions": {
      "0": {
        "shape_attributes": {
          "name": "polygon",
          "all_points_x": [166, 70, 67, 60, 51, 42, 42, 29, 22, 20, 23, 22, 31, 43, 56, 67, 83, 95, 98, 115, 144, 149, 147, 163, 179, 201, 222, 261, 276, 279, 283, 286, 283, 279, 270, 260, 243, 225, 223, 213, 202, 188, 173, 166],
          "all_points_y": [145, 128, 122, 109, 106, 107, 120, 116, 112, 102, 98, 88, 83, 79, 76, 65, 61, 59, 54, 51, 49, 53, 57, 59, 66, 80, 84, 93, 102, 107, 111, 119, 135, 146, 156, 161, 160, 158, 145, 131, 126, 124, 128, 145]
        },
        "region_attributes": {"name": "police"}
      }
    }
  },
  "5518379397_1ac1ec1bef_n.jpg": {
    "fileref": "",
    "size": 34405,
    "filename": "5518379397_1ac1ec1bef_n.jpg",
    "base64_img_data": "",
    "file_attributes": {},
    "regions": {
      "0": {
        "shape_attributes": {
          "name": "polygon",
          "all_points_x": [170, 73, 69, 61, 50, 40, 40, 26, 15, 12, 18, 20, 27, 46, 53, 68, 85, 122, 152, 185, 206, 216, 234, 259, 283, 301, 306, 308, 300, 275, 215, 212, 196, 177, 171, 170],
          "all_points_y": [129, 125, 114, 99, 96, 104, 121, 121, 115, 100, 97, 85, 80, 78, 78, 62, 55, 49, 50, 57, 69, 78, 80, 83, 89, 95, 108, 113, 129, 129, 130, 105, 95, 102, 117, 129]
        },
        "region_attributes": {"name": "police"}
      }
    }
  },
  "5518380193_566a84339f_n.jpg": {
    "fileref": "",
    "size": 34222,
    "filename": "5518380193_566a84339f_n.jpg",
    "base64_img_data": "",
    "file_attributes": {},
    "regions": {
      "0": {
        "shape_attributes": {
          "name": "polygon",
          "all_points_x": [106, 42, 38, 32, 27, 27, 21, 19, 22, 25, 36, 48, 70, 75, 147, 147, 155, 173, 190, 202, 218, 242, 270, 288, 294, 296, 308, 307, 292, 285, 279, 258, 254, 236, 222, 187, 147, 144, 133, 112, 102, 106],
          "all_points_y": [155, 138, 118, 110, 113, 130, 122, 110, 106, 94, 90, 71, 60, 51, 53, 58, 59, 65, 79, 90, 91, 94, 98, 106, 115, 105, 106, 153, 160, 160, 155, 160, 166, 168, 165, 168, 167, 144, 118, 112, 125, 155]
        },
        "region_attributes": {"name": "police"}
      },
      "1": {
        "shape_attributes": {
          "name": "polygon",
          "all_points_x": [5, 25, 28, 24, 22, 18, 3, 0, 0, 5],
          "all_points_y": [86, 87, 92, 94, 105, 110, 110, 102, 93, 86]
        },
        "region_attributes": {"name": "police"}
      }
    }
  },
  "5518380363_f95222ca19_n.jpg": {
    "fileref": "",
    "size": 42695,
    "filename": "5518380363_f95222ca19_n.jpg",
    "base64_img_data": "",
    "file_attributes": {},
    "regions": {
      "0": {
        "shape_attributes": {
          "name": "polygon",
          "all_points_x": [260, 174, 173, 164, 146, 131, 120, 87, 68, 49, 38, 38, 24, 20, 26, 32, 34, 39, 44, 49, 74, 110, 122, 149, 162, 175, 177, 225, 228, 246, 259, 270, 284, 296, 288, 280, 279, 273, 267, 260],
          "all_points_y": [125, 152, 134, 122, 124, 138, 164, 169, 166, 168, 165, 151, 151, 119, 116, 125, 134, 123, 125, 113, 104, 95, 90, 70, 64, 63, 56, 53, 59, 62, 67, 82, 82, 103, 114, 114, 103, 99, 108, 125]
        },
        "region_attributes": {"name": "police"}
      }
    }
  },
  "5518383011_6b0189547a_n.jpg": {
    "fileref": "",
    "size": 33324,
    "filename": "5518383011_6b0189547a_n.jpg",
    "base64_img_data": "",
    "file_attributes": {},
    "regions": {
      "0": {
        "shape_attributes": {
          "name": "polygon",
          "all_points_x": [95, 37, 34, 26, 21, 24, 20, 20, 26, 41, 51, 66, 87, 120, 163, 190, 213, 234, 259, 286, 287, 293, 299, 307, 307, 300, 288, 244, 192, 168, 134, 122, 108, 97, 93, 95],
          "all_points_y": [161, 131, 108, 89, 98, 117, 107, 92, 80, 73, 73, 58, 46, 41, 41, 45, 50, 61, 79, 78, 86, 87, 116, 122, 141, 158, 163, 172, 177, 178, 174, 144, 121, 118, 130, 161]
        },
        "region_attributes": {"name": "police"}
      }
    }
  },
  "5518383327_cd142f5fc1_n.jpg": {
    "fileref": "",
    "size": 32849,
    "filename": "5518383327_cd142f5fc1_n.jpg",
    "base64_img_data": "",
    "file_attributes": {},
    "regions": {
      "0": {
        "shape_attributes": {
          "name": "polygon",
          "all_points_x": [68, 49, 45, 41, 39, 38, 42, 48, 57, 63, 70, 83, 91, 112, 138, 182, 203, 218, 230, 245, 260, 264, 265, 263, 258, 252, 228, 159, 108, 90, 82, 79, 75, 72, 68],
          "all_points_y": [165, 153, 131, 112, 103, 99, 81, 72, 67, 67, 58, 50, 49, 49, 48, 53, 56, 76, 98, 108, 121, 130, 143, 161, 176, 182, 182, 180, 175, 171, 125, 116, 125, 143, 165]
        },
        "region_attributes": {"name": "police"}
      },
      "1": {
        "shape_attributes": {
          "name": "polygon",
          "all_points_x": [228, 242, 248, 269, 292, 308, 319, 319, 301, 301, 296, 292, 269, 245, 230, 220, 215, 228],
          "all_points_y": [71, 52, 48, 48, 48, 50, 53, 105, 106, 87, 90, 106, 108, 108, 98, 77, 71, 71]
        },
        "region_attributes": {"name": "police"}
      }
    }
  },
  "5518384003_b77341fc18_n.jpg": {
    "fileref": "",
    "size": 35241,
    "filename": "5518384003_b77341fc18_n.jpg",
    "base64_img_data": "",
    "file_attributes": {},
    "regions": {
      "0": {
        "shape_attributes": {
          "name": "polygon",
          "all_points_x": [98, 43, 41, 31, 27, 27, 22, 23, 29, 39, 44, 59, 78, 98, 127, 155, 177, 212, 262, 291, 296, 298, 296, 303, 302, 295, 280, 244, 192, 150, 141, 136, 129, 114, 100, 95, 96, 98],
          "all_points_y": [160, 137, 127, 96, 104, 114, 102, 85, 78, 76, 68, 55, 48, 46, 47, 49, 54, 76, 86, 94, 99, 113, 121, 126, 137, 162, 166, 172, 176, 174, 171, 153, 127, 106, 110, 125, 139, 160]
        },
        "region_attributes": {"name": "police"}
      },
      "1": {
        "shape_attributes": {
          "name": "polygon",
          "all_points_x": [216, 225, 227, 220, 211, 205, 196, 216],
          "all_points_y": [67, 69, 72, 78, 76, 71, 66, 67]
        },
        "region_attributes": {"name": "police"}
      }
    }
  },
  "5518385581_bb6e8ba37a_n.jpg": {
    "fileref": "",
    "size": 33245,
    "filename": "5518385581_bb6e8ba37a_n.jpg",
    "base64_img_data": "",
    "file_attributes": {},
    "regions": {
      "0": {
        "shape_attributes": {
          "name": "polygon",
          "all_points_x": [128, 95, 67, 26, 19, 21, 30, 30, 41, 86, 92, 110, 128, 153, 146, 163, 199, 193, 210, 224, 243, 260, 294, 306, 310, 303, 297, 298, 291, 278, 271, 254, 169, 177, 166, 149, 132, 128],
          "all_points_y": [135, 137, 131, 125, 120, 107, 103, 87, 80, 79, 72, 58, 54, 53, 51, 49, 47, 53, 55, 60, 72, 84, 90, 96, 113, 122, 122, 106, 99, 103, 121, 127, 132, 118, 102, 105, 116, 135]
        },
        "region_attributes": {"name": "police"}
      }
    }
  },
  "5518385735_5c4fc3f28c_n.jpg": {
    "fileref": "",
    "size": 34871,
    "filename": "5518385735_5c4fc3f28c_n.jpg",
    "base64_img_data": "",
    "file_attributes": {},
    "regions": {
      "0": {
        "shape_attributes": {
          "name": "polygon",
          "all_points_x": [96, 47, 42, 36, 31, 27, 28, 22, 24, 25, 39, 48, 64, 68, 143, 142, 157, 177, 197, 218, 252, 278, 283, 288, 284, 280, 268, 260, 233, 228, 214, 191, 168, 134, 123, 114, 102, 97, 97, 96],
          "all_points_y": [126, 92, 86, 69, 62, 62, 75, 67, 56, 41, 38, 24, 18, 10, 8, 15, 20, 31, 50, 58, 70, 83, 98, 116, 134, 142, 137, 142, 150, 160, 154, 158, 163, 146, 114, 100, 98, 109, 124, 126]
        },
        "region_attributes": {"name": "police"}
      }
    }
  },
  "5518386299_9137f4bd4d_n.jpg": {
    "fileref": "",
    "size": 45719,
    "filename": "5518386299_9137f4bd4d_n.jpg",
    "base64_img_data": "",
    "file_attributes": {},
    "regions": {
      "0": {
        "shape_attributes": {
          "name": "polygon",
          "all_points_x": [148, 125, 106, 93, 76, 47, 32, 18, 9, 9, 15, 19, 33, 60, 79, 104, 134, 146, 146, 229, 228, 246, 261, 272, 280, 302, 311, 315, 315, 310, 303, 295, 284, 203, 202, 197, 180, 163, 158, 148],
          "all_points_y": [161, 163, 164, 162, 159, 153, 151, 146, 136, 108, 100, 78, 75, 70, 58, 46, 38, 35, 29, 28, 35, 40, 50, 62, 69, 69, 72, 79, 102, 82, 82, 97, 124, 150, 124, 108, 105, 117, 134, 161]
        },
        "region_attributes": {"name": "police"}
      }
    }
  },
  "5518386771_9a0479bd25_n.jpg": {
    "fileref": "",
    "size": 38327,
    "filename": "5518386771_9a0479bd25_n.jpg",
    "base64_img_data": "",
    "file_attributes": {},
    "regions": {
      "0": {
        "shape_attributes": {
          "name": "polygon",
          "all_points_x": [181, 84, 80, 64, 54, 54, 41, 36, 40, 42, 95, 121, 142, 149, 148, 191, 194, 209, 229, 248, 289, 296, 297, 301, 302, 298, 266, 217, 211, 194, 181, 181],
          "all_points_y": [146, 144, 129, 117, 123, 141, 139, 124, 121, 112, 105, 85, 78, 76, 72, 72, 74, 75, 79, 94, 100, 108, 114, 117, 129, 136, 145, 146, 128, 123, 130, 146]
        },
        "region_attributes": {"name": "police"}
      }
    }
  }
}





